CustomerID,Recency,Frequency,Monetary,Cluster,CustomerSegment
12346,326,1,77183.6,2,Regular Customers
12347,2,7,3125.98,1,High-Value Customers
12348,75,4,1399.8,2,Regular Customers
12349,19,1,1209.49,2,Regular Customers
12350,310,1,174.2,0,At-Risk Customers
12352,36,8,2218.14,1,High-Value Customers
12353,204,1,89.0,0,At-Risk Customers
12354,232,1,585.02,0,At-Risk Customers
12355,214,1,373.0,0,At-Risk Customers
12356,23,3,2250.27,2,Regular Customers
12357,33,1,3960.16,2,Regular Customers
12358,2,2,650.38,2,Regular Customers
12359,58,4,3822.75,2,Regular Customers
12360,52,3,1587.19,2,Regular Customers
12361,287,1,92.4,0,At-Risk Customers
12362,3,10,3263.47,1,High-Value Customers
12363,110,2,242.64000000000001,0,At-Risk Customers
12364,8,4,657.83,2,Regular Customers
12365,291,2,460.48,0,At-Risk Customers
12367,4,1,98.1,2,Regular Customers
12370,51,4,2484.84,2,Regular Customers
12371,45,2,1225.38,2,Regular Customers
12372,72,3,729.7,2,Regular Customers
12373,311,1,255.4,0,At-Risk Customers
12374,25,1,599.12,2,Regular Customers
12375,11,2,315.70000000000005,2,Regular Customers
12377,315,2,944.1800000000001,0,At-Risk Customers
12378,130,1,1643.56,0,At-Risk Customers
12379,82,2,531.64,0,At-Risk Customers
12380,22,4,1950.46,2,Regular Customers
12381,5,5,1343.45,1,High-Value Customers
12383,185,5,1163.98,2,Regular Customers
12384,29,2,481.92,2,Regular Customers
12386,338,2,352.1,0,At-Risk Customers
12388,16,6,2220.58,1,High-Value Customers
12390,80,1,332.63,0,At-Risk Customers
12391,22,1,233.48000000000002,0,At-Risk Customers
12393,72,4,998.5500000000001,2,Regular Customers
12394,64,2,1109.3600000000001,2,Regular Customers
12395,19,12,2207.59,1,High-Value Customers
12397,36,2,1426.02,2,Regular Customers
12398,46,1,862.36,2,Regular Customers
12399,119,4,659.47,2,Regular Customers
12401,303,1,84.3,0,At-Risk Customers
12402,323,1,147.6,0,At-Risk Customers
12403,50,1,427.7,0,At-Risk Customers
12405,149,1,1183.81,0,At-Risk Customers
12406,22,2,2130.02,2,Regular Customers
12407,50,5,1449.49,2,Regular Customers
12408,33,5,1923.81,2,Regular Customers
12409,79,3,8694.55,2,Regular Customers
12410,309,2,472.23,0,At-Risk Customers
12412,75,3,927.21,2,Regular Customers
12413,67,3,637.05,2,Regular Customers
12414,217,3,522.8100000000001,0,At-Risk Customers
12415,24,21,88197.63,1,High-Value Customers
12417,3,9,3119.7,1,High-Value Customers
12418,113,1,450.19,0,At-Risk Customers
12420,64,1,424.03999999999996,0,At-Risk Customers
12421,16,4,751.48,2,Regular Customers
12422,96,3,494.76,2,Regular Customers
12423,1,8,1392.9,1,High-Value Customers
12424,163,2,1483.7,2,Regular Customers
12425,78,1,477.75,0,At-Risk Customers
12426,195,1,370.03,0,At-Risk Customers
12427,22,3,720.5,2,Regular Customers
12428,26,9,5350.87,1,High-Value Customers
12429,9,4,2981.08,1,High-Value Customers
12430,43,1,246.44,0,At-Risk Customers
12431,36,15,5146.12,1,High-Value Customers
12432,43,5,3603.16,2,Regular Customers
12433,1,7,9093.6,1,High-Value Customers
12434,85,2,536.73,0,At-Risk Customers
12435,80,2,4660.49,2,Regular Customers
12436,100,1,332.88,0,At-Risk Customers
12437,2,18,4112.2,1,High-Value Customers
12438,14,2,2186.1,2,Regular Customers
12441,367,1,99.45,0,At-Risk Customers
12442,3,1,135.64,2,Regular Customers
12444,21,5,3646.14,1,High-Value Customers
12445,22,1,103.4,0,At-Risk Customers
12446,58,1,595.04,0,At-Risk Customers
12447,243,1,271.17,0,At-Risk Customers
12448,44,1,407.57,0,At-Risk Customers
12449,22,4,2386.93,2,Regular Customers
12450,156,2,172.92000000000002,0,At-Risk Customers
12451,11,5,6009.97,1,High-Value Customers
12452,17,2,356.67,2,Regular Customers
12453,134,1,359.84000000000003,0,At-Risk Customers
12454,56,1,2774.02,2,Regular Customers
12455,73,6,1615.3700000000001,2,Regular Customers
12456,44,3,2323.62,2,Regular Customers
12457,66,7,1905.04,2,Regular Customers
12458,71,2,788.73,2,Regular Customers
12461,94,2,453.0,0,At-Risk Customers
12462,19,2,695.03,2,Regular Customers
12463,53,4,1010.14,2,Regular Customers
12464,10,8,947.8,1,High-Value Customers
12465,17,2,491.79,2,Regular Customers
12468,188,2,606.64,0,At-Risk Customers
12471,2,30,17721.07,1,High-Value Customers
12472,32,7,3932.69,1,High-Value Customers
12473,29,5,2849.02,2,Regular Customers
12474,17,18,4826.79,1,High-Value Customers
12475,54,1,588.08,0,At-Risk Customers
12476,16,11,5304.84,1,High-Value Customers
12477,23,6,10335.86,1,High-Value Customers
12478,4,1,447.12,2,Regular Customers
12479,11,1,327.6,2,Regular Customers
12480,28,4,2255.1,2,Regular Customers
12481,23,10,4125.68,1,High-Value Customers
12483,17,8,2247.0,1,High-Value Customers
12484,33,6,3120.01,1,High-Value Customers
12488,10,3,899.46,2,Regular Customers
12489,336,1,334.93,0,At-Risk Customers
12490,5,10,3784.59,1,High-Value Customers
12491,39,1,330.95,0,At-Risk Customers
12492,63,2,211.93,0,At-Risk Customers
12493,166,2,260.14,0,At-Risk Customers
12494,16,7,871.41,2,Regular Customers
12497,82,1,561.6,0,At-Risk Customers
12498,21,3,265.05,2,Regular Customers
12500,23,11,2774.46,1,High-Value Customers
12501,337,1,778.37,0,At-Risk Customers
12502,96,5,2993.52,2,Regular Customers
12504,18,2,340.09999999999997,2,Regular Customers
12506,233,1,42.2,0,At-Risk Customers
12507,134,3,1029.8899999999999,2,Regular Customers
12508,26,2,265.36,2,Regular Customers
12509,284,1,110.0,0,At-Risk Customers
12510,143,2,726.47,0,At-Risk Customers
12512,66,2,96.37,0,At-Risk Customers
12513,113,1,381.89,0,At-Risk Customers
12514,267,1,521.78,0,At-Risk Customers
12515,353,1,303.75,0,At-Risk Customers
12516,78,2,961.36,2,Regular Customers
12517,28,5,1539.08,2,Regular Customers
12518,1,5,1363.63,1,High-Value Customers
12519,64,1,283.34,0,At-Risk Customers
12520,79,5,1852.22,2,Regular Customers
12521,143,1,324.22,0,At-Risk Customers
12522,39,2,177.87,0,At-Risk Customers
12523,19,11,1477.44,1,High-Value Customers
12524,9,8,3330.76,1,High-Value Customers
12526,1,3,879.15,2,Regular Customers
12527,82,3,241.91000000000003,0,At-Risk Customers
12528,9,6,1616.14,1,High-Value Customers
12530,60,4,1155.14,2,Regular Customers
12531,15,1,115.16,0,At-Risk Customers
12532,30,1,299.43,0,At-Risk Customers
12534,131,1,645.38,0,At-Risk Customers
12535,92,2,422.75,0,At-Risk Customers
12536,43,3,9753.560000000001,2,Regular Customers
12538,29,1,263.57,0,At-Risk Customers
12539,22,4,2948.15,2,Regular Customers
12540,20,17,10425.09,1,High-Value Customers
12541,30,3,727.83,2,Regular Customers
12544,36,1,285.04,0,At-Risk Customers
12545,75,2,606.94,2,Regular Customers
12546,47,2,650.58,2,Regular Customers
12547,198,2,157.4,0,At-Risk Customers
12548,166,1,60.4,0,At-Risk Customers
12550,79,1,603.53,0,At-Risk Customers
12551,358,1,48.5,0,At-Risk Customers
12552,39,2,324.82,2,Regular Customers
12553,8,10,2638.28,1,High-Value Customers
12556,50,2,453.4,2,Regular Customers
12557,16,5,7286.84,1,High-Value Customers
12558,8,1,234.04,2,Regular Customers
12559,311,2,541.01,0,At-Risk Customers
12560,5,3,1323.69,2,Regular Customers
12561,303,1,161.75,0,At-Risk Customers
12562,8,7,2454.4,1,High-Value Customers
12564,261,1,235.8,0,At-Risk Customers
12565,289,1,70.92,0,At-Risk Customers
12566,86,1,279.15,0,At-Risk Customers
12567,23,10,5843.45,1,High-Value Customers
12569,2,32,3474.51,1,High-Value Customers
12571,40,2,303.95,2,Regular Customers
12572,9,2,732.54,2,Regular Customers
12573,227,1,144.22,0,At-Risk Customers
12574,316,1,177.15,0,At-Risk Customers
12576,36,5,888.21,2,Regular Customers
12577,35,3,385.48,2,Regular Customers
12578,21,2,1723.67,2,Regular Customers
12579,78,1,269.57,0,At-Risk Customers
12580,247,1,219.7,0,At-Risk Customers
12581,40,1,127.50999999999999,0,At-Risk Customers
12582,239,2,403.44,0,At-Risk Customers
12583,3,15,5789.26,1,High-Value Customers
12584,4,9,1884.95,1,High-Value Customers
12585,234,2,1383.03,0,At-Risk Customers
12586,17,1,164.39000000000001,0,At-Risk Customers
12587,8,1,102.4,0,At-Risk Customers
12588,39,1,214.89999999999998,0,At-Risk Customers
12589,29,2,395.71,2,Regular Customers
12590,211,2,6149.66,2,Regular Customers
12591,317,1,318.9,0,At-Risk Customers
12592,92,2,233.3,0,At-Risk Customers
12593,109,3,221.89999999999998,0,At-Risk Customers
12594,38,10,2468.36,1,High-Value Customers
12596,51,2,556.05,2,Regular Customers
12597,19,4,2720.27,2,Regular Customers
12598,10,8,2013.82,1,High-Value Customers
12599,29,7,824.58,2,Regular Customers
12600,29,10,2256.9900000000002,1,High-Value Customers
12601,190,5,577.0600000000001,2,Regular Customers
12602,59,1,87.52,0,At-Risk Customers
12603,22,1,739.1999999999999,2,Regular Customers
12604,79,2,174.34,0,At-Risk Customers
12607,60,1,667.4,0,At-Risk Customers
12609,78,3,856.9,2,Regular Customers
12610,23,5,1482.14,2,Regular Customers
12611,52,1,684.41,2,Regular Customers
12612,74,1,356.04,0,At-Risk Customers
12613,57,5,1944.77,2,Regular Customers
12614,278,1,171.25,0,At-Risk Customers
12615,2,4,1726.1399999999999,1,High-Value Customers
12616,95,2,495.6,0,At-Risk Customers
12617,29,1,239.25,0,At-Risk Customers
12618,22,1,151.96,0,At-Risk Customers
12619,16,9,2508.34,1,High-Value Customers
12620,15,3,906.66,2,Regular Customers
12621,2,20,10459.69,1,High-Value Customers
12622,232,1,169.9,0,At-Risk Customers
12623,276,1,263.2,0,At-Risk Customers
12624,106,2,485.08,0,At-Risk Customers
12625,212,2,1977.44,2,Regular Customers
12626,23,9,4226.63,1,High-Value Customers
12627,11,7,2507.15,1,High-Value Customers
12628,4,3,549.93,2,Regular Customers
12630,10,2,818.32,2,Regular Customers
12631,57,1,414.42,0,At-Risk Customers
12633,59,4,1522.6200000000001,2,Regular Customers
12635,90,2,913.17,2,Regular Customers
12637,67,8,3363.43,1,High-Value Customers
12638,33,1,558.65,2,Regular Customers
12639,239,1,357.7,0,At-Risk Customers
12640,24,3,812.63,2,Regular Customers
12641,115,1,170.6,0,At-Risk Customers
12642,25,3,877.62,2,Regular Customers
12643,128,6,3090.24,2,Regular Customers
12644,130,1,328.22,0,At-Risk Customers
12645,34,4,1104.6000000000001,2,Regular Customers
12646,5,2,767.21,2,Regular Customers
12647,22,12,2942.06,1,High-Value Customers
12648,155,1,207.66,0,At-Risk Customers
12649,107,3,555.71,2,Regular Customers
12650,3,1,252.46,2,Regular Customers
12651,335,1,96.0,0,At-Risk Customers
12652,331,1,465.16999999999996,0,At-Risk Customers
12653,149,2,1855.63,2,Regular Customers
12654,11,5,448.38,2,Regular Customers
12656,17,5,2670.32,1,High-Value Customers
12657,11,4,1547.67,2,Regular Customers
12658,19,1,484.9,2,Regular Customers
12659,30,1,76.68,0,At-Risk Customers
12660,11,1,152.25,2,Regular Customers
12662,1,11,2709.29,1,High-Value Customers
12664,8,9,4058.6800000000003,1,High-Value Customers
12665,325,1,63.0,0,At-Risk Customers
12667,58,1,472.75,0,At-Risk Customers
12668,12,4,2748.32,2,Regular Customers
12669,151,3,1862.91,2,Regular Customers
12670,10,5,2162.35,1,High-Value Customers
12672,330,1,210.6,0,At-Risk Customers
12673,5,2,457.51,2,Regular Customers
12674,39,4,1361.58,2,Regular Customers
12676,25,6,1115.6,2,Regular Customers
12678,42,12,13232.08,1,High-Value Customers
12679,59,4,758.63,2,Regular Customers
12680,1,4,506.67,2,Regular Customers
12681,15,22,10303.49,1,High-Value Customers
12682,4,31,9339.32,1,High-Value Customers
12683,4,15,6081.89,1,High-Value Customers
12684,8,7,1780.01,1,High-Value Customers
12685,28,6,1971.63,2,Regular Customers
12686,372,1,68.97999999999999,0,At-Risk Customers
12688,114,1,3019.5299999999997,2,Regular Customers
12689,26,2,694.77,2,Regular Customers
12690,206,1,337.71000000000004,0,At-Risk Customers
12691,28,6,837.5999999999999,2,Regular Customers
12693,127,4,794.05,2,Regular Customers
12694,70,2,768.91,2,Regular Customers
12695,7,4,537.55,2,Regular Customers
12697,29,3,780.25,2,Regular Customers
12700,8,4,2548.35,1,High-Value Customers
12701,80,2,552.62,2,Regular Customers
12702,20,1,145.4,0,At-Risk Customers
12703,71,1,213.55,0,At-Risk Customers
12704,7,8,1920.71,1,High-Value Customers
12705,15,9,4396.7,1,High-Value Customers
12707,292,1,378.04,0,At-Risk Customers
12708,30,10,2000.01,1,High-Value Customers
12709,15,15,8484.64,1,High-Value Customers
12710,97,3,570.28,2,Regular Customers
12712,29,13,3331.23,1,High-Value Customers
12713,1,1,534.41,2,Regular Customers
12714,9,5,2760.54,1,High-Value Customers
12715,106,1,203.16,0,At-Risk Customers
12716,4,2,600.95,2,Regular Customers
12717,151,2,670.44,0,At-Risk Customers
12718,71,1,183.29,0,At-Risk Customers
12719,5,2,485.4,2,Regular Customers
12720,3,25,4233.95,1,High-Value Customers
12721,32,6,1773.61,2,Regular Customers
12722,85,4,735.28,2,Regular Customers
12723,4,5,550.98,2,Regular Customers
12724,5,4,557.4300000000001,2,Regular Customers
12725,371,1,219.9,0,At-Risk Customers
12726,28,7,1943.4,1,High-Value Customers
12727,11,7,3230.19,1,High-Value Customers
12728,71,4,743.39,2,Regular Customers
12729,114,1,257.63,0,At-Risk Customers
12731,24,12,13760.57,1,High-Value Customers
12732,180,1,129.22,0,At-Risk Customers
12733,234,1,368.65,0,At-Risk Customers
12734,353,1,55.199999999999996,0,At-Risk Customers
12735,315,2,480.99,0,At-Risk Customers
12736,333,1,187.2,0,At-Risk Customers
12738,372,1,105.55,0,At-Risk Customers
12739,78,2,633.08,2,Regular Customers
12740,64,1,215.1,0,At-Risk Customers
12743,134,2,333.8,0,At-Risk Customers
12744,52,7,18470.37,1,High-Value Customers
12747,2,11,3820.29,1,High-Value Customers
12748,1,209,25760.36,1,High-Value Customers
12749,4,5,2616.57,1,High-Value Customers
12750,129,1,181.48,0,At-Risk Customers
12752,81,1,2461.98,2,Regular Customers
12753,23,6,17711.93,1,High-Value Customers
12754,236,3,1625.55,2,Regular Customers
12755,281,2,3811.95,2,Regular Customers
12756,87,1,91.67999999999999,0,At-Risk Customers
12757,16,13,5770.26,1,High-Value Customers
12758,117,2,1226.31,2,Regular Customers
12759,52,3,1052.13,2,Regular Customers
12762,8,2,1365.32,2,Regular Customers
12763,138,2,296.62,0,At-Risk Customers
12764,317,1,1343.18,0,At-Risk Customers
12766,4,7,4671.84,1,High-Value Customers
12769,239,1,851.31,0,At-Risk Customers
12770,211,1,838.2099999999999,0,At-Risk Customers
12772,60,1,598.31,0,At-Risk Customers
12775,17,5,1013.54,2,Regular Customers
12778,20,6,667.45,2,Regular Customers
12779,38,8,3062.58,1,High-Value Customers
12781,64,2,769.86,2,Regular Customers
12782,5,5,1875.34,1,High-Value Customers
12783,2,6,1816.94,1,High-Value Customers
12784,9,2,418.87,2,Regular Customers
12785,364,1,200.95,0,At-Risk Customers
12787,10,3,412.98,2,Regular Customers
12789,65,1,91.85,0,At-Risk Customers
12790,192,1,188.92000000000002,0,At-Risk Customers
12791,374,1,192.60000000000002,0,At-Risk Customers
12792,257,1,243.33999999999997,0,At-Risk Customers
12793,335,2,399.73,0,At-Risk Customers
12794,53,2,748.21,2,Regular Customers
12795,19,1,415.48,2,Regular Customers
12797,366,1,158.32999999999998,0,At-Risk Customers
12798,10,3,6977.04,1,High-Value Customers
12802,187,1,327.12,0,At-Risk Customers
12808,37,3,315.05,2,Regular Customers
12809,178,1,421.03,0,At-Risk Customers
12811,261,3,295.4,0,At-Risk Customers
12812,45,1,155.84,0,At-Risk Customers
12814,102,1,125.92,0,At-Risk Customers
12815,148,2,768.5600000000001,0,At-Risk Customers
12816,96,2,522.1,0,At-Risk Customers
12817,281,1,166.04,0,At-Risk Customers
12818,262,1,1117.18,0,At-Risk Customers
12820,3,4,623.16,2,Regular Customers
12821,214,1,82.52,0,At-Risk Customers
12822,71,2,628.98,2,Regular Customers
12823,75,5,1759.5,2,Regular Customers
12824,60,1,260.5,0,At-Risk Customers
12826,3,7,698.27,1,High-Value Customers
12827,6,3,355.75,2,Regular Customers
12828,3,6,855.51,1,High-Value Customers
12829,337,2,277.1,0,At-Risk Customers
12830,38,6,5593.52,1,High-Value Customers
12831,262,1,199.75,0,At-Risk Customers
12832,32,2,253.63,2,Regular Customers
12833,145,1,352.74,0,At-Risk Customers
12834,283,1,154.68,0,At-Risk Customers
12836,59,4,1970.8,2,Regular Customers
12837,173,1,117.3,0,At-Risk Customers
12838,34,2,475.74,2,Regular Customers
12839,3,14,3650.4,1,High-Value Customers
12840,144,4,971.3199999999999,2,Regular Customers
12841,5,25,3538.91,1,High-Value Customers
12842,70,2,836.45,2,Regular Customers
12843,66,8,1410.86,2,Regular Customers
12844,29,2,260.61,2,Regular Customers
12845,267,4,320.24,0,At-Risk Customers
12847,22,1,575.64,2,Regular Customers
12849,31,2,819.8399999999999,2,Regular Customers
12851,97,1,105.31,0,At-Risk Customers
12852,295,1,160.95,0,At-Risk Customers
12853,135,6,1330.78,2,Regular Customers
12854,79,3,950.94,2,Regular Customers
12855,373,1,27.900000000000002,0,At-Risk Customers
12856,8,6,1623.32,1,High-Value Customers
12857,211,2,662.7,0,At-Risk Customers
12863,52,1,521.2,0,At-Risk Customers
12864,138,1,147.12,0,At-Risk Customers
12865,26,2,879.24,2,Regular Customers
12866,283,1,522.8199999999999,0,At-Risk Customers
12867,26,7,2452.21,1,High-Value Customers
12868,186,6,1125.89,2,Regular Customers
12871,84,2,350.64,0,At-Risk Customers
12872,327,2,495.61,0,At-Risk Customers
12873,282,1,170.0,0,At-Risk Customers
12875,143,2,343.2300000000001,0,At-Risk Customers
12876,58,2,1239.02,2,Regular Customers
12877,4,12,1136.17,1,High-Value Customers
12878,236,2,415.59000000000003,0,At-Risk Customers
12879,45,3,573.22,2,Regular Customers
12881,276,1,281.0,0,At-Risk Customers
12882,9,2,967.44,2,Regular Customers
12883,25,4,569.4300000000001,2,Regular Customers
12884,88,1,267.45,0,At-Risk Customers
12885,63,3,714.81,2,Regular Customers
12886,68,2,865.14,2,Regular Customers
12888,214,2,354.12,0,At-Risk Customers
12890,24,1,301.62,0,At-Risk Customers
12891,186,3,331.0,0,At-Risk Customers
12893,31,1,139.61,0,At-Risk Customers
12895,42,2,242.7,0,At-Risk Customers
12897,205,2,216.5,0,At-Risk Customers
12901,9,28,17524.64,1,High-Value Customers
12902,265,1,86.69,0,At-Risk Customers
12904,18,2,400.3,2,Regular Customers
12906,12,5,2649.45,1,High-Value Customers
12908,176,2,750.0,0,At-Risk Customers
12909,40,5,1742.55,2,Regular Customers
12910,23,8,2125.42,1,High-Value Customers
12912,3,5,1478.7,1,High-Value Customers
12913,5,5,2174.79,1,High-Value Customers
12915,149,2,277.2,0,At-Risk Customers
12916,139,4,2786.75,2,Regular Customers
12917,128,1,297.0,0,At-Risk Customers
12919,8,6,1174.15,1,High-Value Customers
12920,17,1,104.78,0,At-Risk Customers
12921,9,37,10676.29,1,High-Value Customers
12922,161,1,224.99,0,At-Risk Customers
12923,64,1,108.34,0,At-Risk Customers
12924,88,4,932.25,2,Regular Customers
12925,5,2,382.89,2,Regular Customers
12928,35,5,1185.3400000000001,2,Regular Customers
12929,312,1,74.85,0,At-Risk Customers
12930,78,2,315.0,0,At-Risk Customers
12931,22,15,37849.08,1,High-Value Customers
12933,24,3,459.57,2,Regular Customers
12935,2,7,1518.4,1,High-Value Customers
12936,17,4,837.73,2,Regular Customers
12937,15,4,955.71,2,Regular Customers
12938,26,1,114.14,0,At-Risk Customers
12939,64,8,7491.8,1,High-Value Customers
12940,55,2,635.2,2,Regular Customers
12942,131,3,560.17,0,At-Risk Customers
12944,36,2,497.17,2,Regular Customers
12945,288,1,253.65,0,At-Risk Customers
12947,144,6,963.67,2,Regular Customers
12948,16,7,1346.63,1,High-Value Customers
12949,31,8,2605.18,1,High-Value Customers
12950,2,3,565.8,2,Regular Customers
12951,9,6,881.57,2,Regular Customers
12952,6,4,973.94,2,Regular Customers
12953,10,1,230.85000000000002,2,Regular Customers
12955,1,11,3618.54,1,High-Value Customers
12956,306,1,92.27,0,At-Risk Customers
12957,10,8,2393.87,1,High-Value Customers
12962,7,2,243.79000000000002,2,Regular Customers
12963,8,8,1422.42,1,High-Value Customers
12965,89,1,472.93,0,At-Risk Customers
12966,10,1,130.18,0,At-Risk Customers
12967,358,2,1346.2,0,At-Risk Customers
12968,112,1,120.94999999999999,0,At-Risk Customers
12970,7,4,288.81,2,Regular Customers
12971,4,86,10273.47,1,High-Value Customers
12974,198,1,101.2,0,At-Risk Customers
12976,212,1,261.64,0,At-Risk Customers
12977,156,1,37.94,0,At-Risk Customers
12980,158,9,6886.740000000001,1,High-Value Customers
12981,30,2,302.74,2,Regular Customers
12982,243,1,217.14000000000001,0,At-Risk Customers
12984,19,1,67.5,0,At-Risk Customers
12985,1,2,803.33,2,Regular Customers
12987,74,2,528.7,2,Regular Customers
12988,292,1,275.87,0,At-Risk Customers
12989,3,15,6615.96,1,High-Value Customers
12990,31,3,182.0,2,Regular Customers
12991,23,2,238.08,2,Regular Customers
12993,23,4,293.76,2,Regular Customers
12994,4,3,785.62,2,Regular Customers
12995,85,1,173.16,0,At-Risk Customers
12997,22,4,1025.89,2,Regular Customers
12999,196,3,301.44,0,At-Risk Customers
13000,107,3,444.67,0,At-Risk Customers
13001,4,13,8014.54,1,High-Value Customers
13002,318,1,86.14999999999999,0,At-Risk Customers
13003,106,3,149.05,0,At-Risk Customers
13004,12,18,3860.49,1,High-Value Customers
13005,174,2,331.75,0,At-Risk Customers
13006,56,1,81.57,0,At-Risk Customers
13008,323,1,131.60999999999999,0,At-Risk Customers
13011,372,1,50.550000000000004,0,At-Risk Customers
13012,9,8,1245.65,1,High-Value Customers
13013,1,13,3748.58,1,High-Value Customers
13014,11,10,3059.2799999999997,1,High-Value Customers
13015,53,5,2048.89,2,Regular Customers
13016,73,3,512.9,2,Regular Customers
13017,7,1,204.0,2,Regular Customers
13018,16,28,4793.53,1,High-Value Customers
13021,4,9,2063.34,1,High-Value Customers
13023,64,2,520.55,2,Regular Customers
13026,1,5,838.4399999999999,1,High-Value Customers
13027,114,6,4320.0,2,Regular Customers
13028,23,2,450.94,2,Regular Customers
13029,31,3,1214.5,2,Regular Customers
13030,11,2,622.8,2,Regular Customers
13032,52,2,707.63,2,Regular Customers
13033,357,1,82.55000000000001,0,At-Risk Customers
13034,55,2,493.37,2,Regular Customers
13035,74,2,761.08,2,Regular Customers
13037,138,3,661.57,2,Regular Customers
13038,80,3,846.0600000000001,2,Regular Customers
13040,9,2,516.28,2,Regular Customers
13043,273,1,374.46,0,At-Risk Customers
13044,291,1,300.09,0,At-Risk Customers
13045,99,1,221.08,0,At-Risk Customers
13046,31,2,559.46,2,Regular Customers
13047,32,10,2374.53,1,High-Value Customers
13048,14,4,936.96,2,Regular Customers
13049,64,2,534.28,2,Regular Customers
13050,15,17,4461.28,1,High-Value Customers
13052,212,1,332.25,0,At-Risk Customers
13055,78,3,833.04,2,Regular Customers
13058,25,3,222.35,2,Regular Customers
13059,250,1,165.70000000000002,0,At-Risk Customers
13060,254,1,244.82999999999998,0,At-Risk Customers
13061,72,1,232.11,0,At-Risk Customers
13062,191,1,327.18,0,At-Risk Customers
13064,13,4,990.34,2,Regular Customers
13065,373,1,188.16,0,At-Risk Customers
13066,24,2,398.32,2,Regular Customers
13067,82,1,111.51,0,At-Risk Customers
13068,10,2,344.0,2,Regular Customers
13069,1,24,3220.2,1,High-Value Customers
13070,192,1,62.400000000000006,0,At-Risk Customers
13072,267,1,147.45000000000002,0,At-Risk Customers
13075,130,1,652.81,0,At-Risk Customers
13077,1,4,581.66,2,Regular Customers
13078,3,26,9970.22,1,High-Value Customers
13079,4,5,220.10000000000002,2,Regular Customers
13080,179,1,58.08,0,At-Risk Customers
13081,12,11,15150.32,1,High-Value Customers
13082,126,9,3149.63,1,High-Value Customers
13083,4,2,212.67,2,Regular Customers
13085,158,2,297.38,0,At-Risk Customers
13089,3,97,42311.45,1,High-Value Customers
13090,9,14,7303.95,1,High-Value Customers
13091,28,1,300.34,0,At-Risk Customers
13092,71,5,368.13,2,Regular Customers
13093,276,8,5174.97,1,High-Value Customers
13094,21,12,1469.4,1,High-Value Customers
13095,71,1,55.67999999999999,0,At-Risk Customers
13097,33,10,4361.47,1,High-Value Customers
13098,1,28,20532.73,1,High-Value Customers
13099,99,1,207.35999999999999,0,At-Risk Customers
13101,234,1,101.19,0,At-Risk Customers
13102,1,24,4658.79,1,High-Value Customers
13103,40,1,169.54,0,At-Risk Customers
13104,3,6,1068.48,1,High-Value Customers
13106,133,1,76.5,0,At-Risk Customers
13107,44,4,1194.3,2,Regular Customers
13108,373,1,350.06,0,At-Risk Customers
13109,60,2,520.84,2,Regular Customers
13110,31,7,1140.6000000000001,2,Regular Customers
13113,1,24,11702.24,1,High-Value Customers
13115,12,4,1051.53,2,Regular Customers
13116,138,1,318.56,0,At-Risk Customers
13117,22,8,764.61,2,Regular Customers
13118,20,5,887.47,2,Regular Customers
13120,239,1,30.599999999999998,0,At-Risk Customers
13121,269,1,190.63,0,At-Risk Customers
13122,94,2,382.25,0,At-Risk Customers
13124,90,3,2572.57,2,Regular Customers
13126,5,8,1482.3,1,High-Value Customers
13127,78,1,204.62,0,At-Risk Customers
13130,94,1,64.0,0,At-Risk Customers
13131,23,3,831.6999999999999,2,Regular Customers
13132,262,1,77.3,0,At-Risk Customers
13133,274,2,90.0,0,At-Risk Customers
13134,86,4,966.86,2,Regular Customers
13135,197,1,3096.0,2,Regular Customers
13136,56,5,1669.63,2,Regular Customers
13137,11,8,2221.48,1,High-Value Customers
13138,22,6,642.23,2,Regular Customers
13139,16,7,2985.08,1,High-Value Customers
13140,108,3,387.1,0,At-Risk Customers
13141,85,5,1227.53,2,Regular Customers
13142,19,1,217.28,0,At-Risk Customers
13144,333,1,87.35,0,At-Risk Customers
13145,40,4,618.52,2,Regular Customers
13146,26,1,192.03,0,At-Risk Customers
13147,10,4,712.8000000000001,2,Regular Customers
13148,29,12,2916.27,1,High-Value Customers
13149,14,4,1323.6399999999999,2,Regular Customers
13151,296,1,727.71,0,At-Risk Customers
13153,6,1,402.46000000000004,2,Regular Customers
13155,33,4,680.36,2,Regular Customers
13157,49,4,1029.32,2,Regular Customers
13158,95,4,608.86,2,Regular Customers
13159,9,4,1022.68,2,Regular Customers
13160,22,1,91.8,0,At-Risk Customers
13161,313,1,104.25,0,At-Risk Customers
13162,122,4,1176.71,2,Regular Customers
13165,46,2,815.58,2,Regular Customers
13166,283,1,311.3,0,At-Risk Customers
13167,19,4,700.21,2,Regular Customers
13168,36,4,925.1899999999999,2,Regular Customers
13169,64,2,526.6800000000001,2,Regular Customers
13170,27,1,83.25,0,At-Risk Customers
13171,22,3,394.85,2,Regular Customers
13173,4,2,277.0,2,Regular Customers
13174,16,3,1882.25,2,Regular Customers
13176,46,1,396.0,0,At-Risk Customers
13177,65,1,119.85000000000001,0,At-Risk Customers
13178,26,11,2177.32,1,High-Value Customers
13182,45,1,44.14,0,At-Risk Customers
13183,8,9,2857.0800000000004,1,High-Value Customers
13184,15,10,1400.17,1,High-Value Customers
13185,268,1,71.4,0,At-Risk Customers
13186,40,3,978.19,2,Regular Customers
13187,337,1,172.24,0,At-Risk Customers
13188,11,1,114.60000000000001,0,At-Risk Customers
13189,19,2,174.88,2,Regular Customers
13192,95,2,550.58,0,At-Risk Customers
13193,61,1,93.58,0,At-Risk Customers
13194,136,1,60.7,0,At-Risk Customers
13196,11,4,1032.71,2,Regular Customers
13198,10,6,1846.43,1,High-Value Customers
13199,4,38,8697.28,1,High-Value Customers
13200,19,4,709.55,2,Regular Customers
13203,10,4,652.8,2,Regular Customers
13207,15,2,179.46,2,Regular Customers
13208,59,6,1031.32,2,Regular Customers
13209,30,8,2937.65,1,High-Value Customers
13210,94,1,188.14,0,At-Risk Customers
13211,10,3,893.08,2,Regular Customers
13212,20,3,523.39,2,Regular Customers
13213,57,5,943.99,2,Regular Customers
13216,268,1,172.12,0,At-Risk Customers
13217,122,3,533.98,2,Regular Customers
13218,127,1,47.63999999999999,0,At-Risk Customers
13220,78,4,803.74,2,Regular Customers
13221,240,2,641.02,0,At-Risk Customers
13223,200,2,148.20000000000002,0,At-Risk Customers
13224,60,2,1144.6,2,Regular Customers
13225,3,7,4990.02,1,High-Value Customers
13226,273,1,80.51,0,At-Risk Customers
13227,202,1,197.7,0,At-Risk Customers
13228,81,1,179.0,0,At-Risk Customers
13229,226,1,131.1,0,At-Risk Customers
13230,4,14,2040.1299999999999,1,High-Value Customers
13232,13,7,1073.58,1,High-Value Customers
13233,74,2,450.84,0,At-Risk Customers
13235,212,1,632.67,0,At-Risk Customers
13236,25,2,595.5,2,Regular Customers
13238,17,4,308.13,2,Regular Customers
13239,262,1,267.16,0,At-Risk Customers
13240,96,4,550.34,2,Regular Customers
13242,112,3,62.400000000000006,0,At-Risk Customers
13243,203,1,350.04,0,At-Risk Customers
13244,93,1,71.04,0,At-Risk Customers
13245,51,1,331.7,0,At-Risk Customers
13246,18,6,1657.58,1,High-Value Customers
13247,18,4,430.92,2,Regular Customers
13248,125,2,345.53,0,At-Risk Customers
13249,92,3,686.66,2,Regular Customers
13253,157,2,851.84,0,At-Risk Customers
13255,9,2,359.71000000000004,2,Regular Customers
13258,12,3,634.18,2,Regular Customers
13259,62,1,172.22,0,At-Risk Customers
13260,61,1,557.62,0,At-Risk Customers
13261,269,2,674.1,0,At-Risk Customers
13262,263,1,193.33,0,At-Risk Customers
13263,1,35,4844.29,1,High-Value Customers
13265,53,5,1434.5,2,Regular Customers
13266,11,12,3213.97,1,High-Value Customers
13267,3,19,3729.69,1,High-Value Customers
13268,18,11,2209.05,1,High-Value Customers
13269,1,15,4200.13,1,High-Value Customers
13270,366,1,590.0,0,At-Risk Customers
13271,37,1,138.85999999999999,0,At-Risk Customers
13272,31,2,203.51000000000002,0,At-Risk Customers
13273,113,1,128.78,0,At-Risk Customers
13276,64,2,432.13,0,At-Risk Customers
13277,16,4,208.4,2,Regular Customers
13278,41,1,357.1,0,At-Risk Customers
13279,78,1,120.05000000000001,0,At-Risk Customers
13280,122,3,483.41,0,At-Risk Customers
13282,18,3,656.14,2,Regular Customers
13283,60,2,72.86,0,At-Risk Customers
13284,331,1,169.39000000000001,0,At-Risk Customers
13285,23,4,1122.2,2,Regular Customers
13291,156,1,271.74,0,At-Risk Customers
13292,39,2,403.68,2,Regular Customers
13294,190,2,596.29,0,At-Risk Customers
13295,360,1,95.60000000000001,0,At-Risk Customers
13296,137,1,76.9,0,At-Risk Customers
13297,8,4,1401.05,2,Regular Customers
13298,1,1,360.0,2,Regular Customers
13299,268,1,107.1,0,At-Risk Customers
13300,169,1,238.59,0,At-Risk Customers
13301,104,4,548.91,2,Regular Customers
13302,155,1,63.75,0,At-Risk Customers
13304,351,1,201.72,0,At-Risk Customers
13305,4,10,1631.86,1,High-Value Customers
13307,120,1,15.0,0,At-Risk Customers
13308,23,3,1046.81,2,Regular Customers
13309,7,5,786.11,2,Regular Customers
13310,28,3,716.63,2,Regular Customers
13311,4,2,518.46,2,Regular Customers
13313,22,5,1001.28,2,Regular Customers
13314,2,3,583.35,2,Regular Customers
13316,37,4,4534.54,2,Regular Customers
13317,66,6,1429.07,2,Regular Customers
13318,1,3,630.8,2,Regular Customers
13319,5,26,7799.6,1,High-Value Customers
13320,78,4,707.22,2,Regular Customers
13321,72,2,481.82,0,At-Risk Customers
13322,17,1,166.59,0,At-Risk Customers
13323,3,5,736.85,2,Regular Customers
13324,36,10,5679.19,1,High-Value Customers
13325,82,1,396.8,0,At-Risk Customers
13327,39,8,2418.09,1,High-Value Customers
13328,316,1,620.88,0,At-Risk Customers
13329,32,2,775.8,2,Regular Customers
13330,93,3,681.27,2,Regular Customers
13332,14,1,298.25,2,Regular Customers
13334,82,3,1949.35,2,Regular Customers
13336,77,1,380.88,0,At-Risk Customers
13338,158,1,444.96000000000004,0,At-Risk Customers
13339,201,1,486.02,0,At-Risk Customers
13340,45,7,7505.3,1,High-Value Customers
13341,261,1,471.45,0,At-Risk Customers
13343,178,1,295.83,0,At-Risk Customers
13344,68,3,1513.81,2,Regular Customers
13345,288,1,205.05,0,At-Risk Customers
13347,70,1,262.15999999999997,0,At-Risk Customers
13348,64,1,128.76,0,At-Risk Customers
13349,11,1,160.92000000000002,2,Regular Customers
13350,16,2,709.37,2,Regular Customers
13351,66,1,305.14,0,At-Risk Customers
13352,60,1,203.22,0,At-Risk Customers
13354,71,1,409.87,0,At-Risk Customers
13355,122,1,364.15,0,At-Risk Customers
13356,80,1,517.84,0,At-Risk Customers
13357,257,1,421.78999999999996,0,At-Risk Customers
13358,269,1,285.46,0,At-Risk Customers
13359,64,1,330.40000000000003,0,At-Risk Customers
13362,9,4,1747.19,2,Regular Customers
13363,18,2,661.88,2,Regular Customers
13364,71,1,110.06,0,At-Risk Customers
13365,34,2,1358.59,2,Regular Customers
13366,50,1,56.160000000000004,0,At-Risk Customers
13368,257,2,462.20000000000005,0,At-Risk Customers
13369,366,1,212.88,0,At-Risk Customers
13370,372,1,449.37,0,At-Risk Customers
13372,90,1,323.38,0,At-Risk Customers
13373,61,3,2165.05,2,Regular Customers
13375,89,1,528.95,0,At-Risk Customers
13376,99,3,792.96,2,Regular Customers
13379,26,3,439.87,2,Regular Customers
13381,32,6,2565.9900000000002,1,High-Value Customers
13382,281,1,104.47,0,At-Risk Customers
13384,31,7,3046.79,1,High-Value Customers
13385,330,1,361.19,0,At-Risk Customers
13388,131,2,485.38,0,At-Risk Customers
13389,11,3,654.9,2,Regular Customers
13390,75,1,451.08,0,At-Risk Customers
13391,204,1,59.8,0,At-Risk Customers
13394,2,8,1907.3200000000002,1,High-Value Customers
13395,185,1,253.72,0,At-Risk Customers
13396,29,2,1093.45,2,Regular Customers
13397,73,5,1396.97,2,Regular Customers
13398,192,1,307.68,0,At-Risk Customers
13402,127,2,423.27000000000004,0,At-Risk Customers
13403,18,1,60.0,0,At-Risk Customers
13404,1,2,178.54999999999998,2,Regular Customers
13405,74,3,477.551,2,Regular Customers
13408,2,62,23214.68,1,High-Value Customers
13410,24,5,847.66,2,Regular Customers
13411,107,1,167.8,0,At-Risk Customers
13414,134,3,1069.05,2,Regular Customers
13416,44,2,437.7,2,Regular Customers
13417,5,2,413.33,2,Regular Customers
13418,12,18,4117.96,1,High-Value Customers
13419,64,1,90.7,0,At-Risk Customers
13420,150,2,131.95,0,At-Risk Customers
13421,40,2,1236.79,2,Regular Customers
13422,64,1,1229.34,2,Regular Customers
13425,108,3,1157.21,2,Regular Customers
13426,1,10,2937.5,1,High-Value Customers
13427,19,3,485.76,2,Regular Customers
13428,10,1,129.98,0,At-Risk Customers
13429,11,4,532.36,2,Regular Customers
13430,19,2,484.01,2,Regular Customers
13431,67,2,1032.8,2,Regular Customers
13434,74,2,350.04,0,At-Risk Customers
13435,5,7,3694.89,1,High-Value Customers
13436,2,1,181.89,2,Regular Customers
13437,14,7,2058.61,1,High-Value Customers
13439,255,1,203.84,0,At-Risk Customers
13441,92,1,217.64000000000001,0,At-Risk Customers
13447,23,3,829.44,2,Regular Customers
13448,17,6,2233.7,1,High-Value Customers
13449,24,1,216.12,0,At-Risk Customers
13450,27,6,1684.02,2,Regular Customers
13451,26,5,1766.75,2,Regular Customers
13452,259,2,590.0,0,At-Risk Customers
13453,166,2,301.38,0,At-Risk Customers
13455,25,2,822.78,2,Regular Customers
13456,18,6,1219.46,2,Regular Customers
13458,7,14,7334.84,1,High-Value Customers
13460,29,2,92.96000000000001,0,At-Risk Customers
13461,39,3,626.9,2,Regular Customers
13462,253,1,114.0,0,At-Risk Customers
13464,58,1,388.92,0,At-Risk Customers
13466,184,1,214.3,0,At-Risk Customers
13467,11,2,784.02,2,Regular Customers
13468,2,37,5078.47,1,High-Value Customers
13470,99,2,33.0,0,At-Risk Customers
13471,1,4,1603.29,1,High-Value Customers
13473,61,2,381.39,0,At-Risk Customers
13474,236,1,170.84,0,At-Risk Customers
13475,191,4,783.79,2,Regular Customers
13476,179,2,761.37,0,At-Risk Customers
13477,38,6,1086.76,2,Regular Customers
13479,201,2,300.95,0,At-Risk Customers
13481,46,5,1093.07,2,Regular Customers
13482,232,1,164.84,0,At-Risk Customers
13483,66,1,99.78,0,At-Risk Customers
13484,241,1,115.2,0,At-Risk Customers
13485,233,1,394.24,0,At-Risk Customers
13486,78,3,771.77,2,Regular Customers
13487,58,3,353.1,2,Regular Customers
13488,17,13,6065.2,1,High-Value Customers
13489,105,4,449.52,2,Regular Customers
13491,52,10,992.53,2,Regular Customers
13492,136,3,677.34,2,Regular Customers
13493,275,2,618.63,0,At-Risk Customers
13494,312,1,157.41000000000003,0,At-Risk Customers
13495,8,5,1765.27,1,High-Value Customers
13496,11,2,491.93,2,Regular Customers
13497,283,2,285.35,0,At-Risk Customers
13499,18,5,929.85,2,Regular Customers
13500,23,3,722.07,2,Regular Customers
13501,288,1,807.6,0,At-Risk Customers
13502,17,3,285.04,2,Regular Customers
13503,71,1,100.65,0,At-Risk Customers
13504,64,1,223.21,0,At-Risk Customers
13505,73,4,2706.16,2,Regular Customers
13506,316,2,348.71999999999997,0,At-Risk Customers
13507,3,4,1431.24,1,High-Value Customers
13508,244,1,87.08,0,At-Risk Customers
13509,9,7,665.84,2,Regular Customers
13510,1,4,911.73,1,High-Value Customers
13512,261,1,182.06,0,At-Risk Customers
13513,127,1,137.75,0,At-Risk Customers
13514,74,1,116.80000000000001,0,At-Risk Customers
13515,73,4,520.34,2,Regular Customers
13516,21,3,1021.79,2,Regular Customers
13517,60,3,1047.67,2,Regular Customers
13518,86,1,375.66,0,At-Risk Customers
13519,78,1,98.95,0,At-Risk Customers
13520,59,6,2897.21,2,Regular Customers
13521,1,3,530.99,2,Regular Customers
13522,30,1,125.80000000000001,0,At-Risk Customers
13523,33,5,2827.81,2,Regular Customers
13524,41,5,545.6,2,Regular Customers
13525,15,2,583.78,2,Regular Customers
13527,34,7,1739.36,2,Regular Customers
13529,79,2,192.26,0,At-Risk Customers
13531,205,2,352.4,0,At-Risk Customers
13532,34,1,121.71000000000001,0,At-Risk Customers
13533,183,3,164.75,0,At-Risk Customers
13534,2,25,2310.58,1,High-Value Customers
13536,1,7,2591.66,1,High-Value Customers
13538,43,7,580.95,2,Regular Customers
13539,86,3,481.64,2,Regular Customers
13544,40,2,148.35,0,At-Risk Customers
13546,12,3,500.93,2,Regular Customers
13548,96,2,534.71,0,At-Risk Customers
13549,26,7,777.6,2,Regular Customers
13551,319,1,56.1,0,At-Risk Customers
13552,66,12,3080.57,1,High-Value Customers
13555,74,4,3150.21,2,Regular Customers
13557,28,2,447.26,2,Regular Customers
13558,6,4,396.12,2,Regular Customers
13560,7,1,97.6,2,Regular Customers
13561,216,1,139.78,0,At-Risk Customers
13562,82,3,749.13,2,Regular Customers
13563,84,2,684.0,2,Regular Customers
13564,144,3,1501.51,2,Regular Customers
13565,19,2,190.68,2,Regular Customers
13566,41,2,555.69,2,Regular Customers
13568,173,1,121.8,0,At-Risk Customers
13569,17,2,251.55,2,Regular Customers
13570,243,1,187.14,0,At-Risk Customers
13571,13,12,1455.89,1,High-Value Customers
13572,206,1,863.95,0,At-Risk Customers
13573,50,2,274.6,0,At-Risk Customers
13575,23,5,508.16999999999996,2,Regular Customers
13576,10,18,6492.9400000000005,1,High-Value Customers
13577,25,4,845.3,2,Regular Customers
13579,15,2,454.44,2,Regular Customers
13581,309,1,106.2,0,At-Risk Customers
13583,156,1,494.23,0,At-Risk Customers
13584,307,1,112.5,0,At-Risk Customers
13587,64,1,679.4,0,At-Risk Customers
13588,16,9,1639.71,1,High-Value Customers
13589,15,2,332.65,2,Regular Customers
13590,11,6,1351.97,1,High-Value Customers
13591,65,3,756.35,2,Regular Customers
13592,36,4,247.95999999999998,2,Regular Customers
13593,108,5,1526.13,2,Regular Customers
13594,53,1,237.82999999999998,0,At-Risk Customers
13596,6,2,370.18,2,Regular Customers
13598,47,1,110.19,0,At-Risk Customers
13599,1,21,4174.9400000000005,1,High-Value Customers
13600,312,1,161.62,0,At-Risk Customers
13601,45,2,531.35,2,Regular Customers
13602,65,1,316.89,0,At-Risk Customers
13603,26,1,140.9,0,At-Risk Customers
13606,29,3,255.29999999999998,2,Regular Customers
13607,40,1,485.07,0,At-Risk Customers
13610,12,7,755.22,2,Regular Customers
13611,89,3,864.15,2,Regular Customers
13614,24,4,1078.76,2,Regular Customers
13615,319,1,300.09,0,At-Risk Customers
13617,40,3,510.78,2,Regular Customers
13618,174,1,160.84,0,At-Risk Customers
13621,117,1,121.45,0,At-Risk Customers
13623,31,5,603.5699999999999,2,Regular Customers
13626,253,1,177.60999999999999,0,At-Risk Customers
13627,59,5,1302.75,2,Regular Customers
13629,23,11,4170.74,1,High-Value Customers
13630,5,7,1812.84,1,High-Value Customers
13631,100,11,3070.42,1,High-Value Customers
13632,25,5,1390.06,2,Regular Customers
13634,33,5,1254.22,2,Regular Customers
13635,68,1,563.62,0,At-Risk Customers
13636,37,5,818.76,2,Regular Customers
13637,52,3,624.5,2,Regular Customers
13638,16,1,90.3,0,At-Risk Customers
13639,74,1,820.04,0,At-Risk Customers
13642,216,1,245.29,0,At-Risk Customers
13643,31,3,298.74,2,Regular Customers
13644,16,4,1322.06,2,Regular Customers
13645,120,1,252.1,0,At-Risk Customers
13647,10,4,1039.82,2,Regular Customers
13649,257,2,308.5,0,At-Risk Customers
13650,17,6,1359.5900000000001,2,Regular Customers
13651,35,2,76.8,0,At-Risk Customers
13652,46,3,698.73,2,Regular Customers
13654,43,6,1686.24,2,Regular Customers
13655,114,2,621.43,0,At-Risk Customers
13656,165,2,300.76,0,At-Risk Customers
13657,11,2,331.74,2,Regular Customers
13658,10,5,1281.31,2,Regular Customers
13659,206,2,1191.67,0,At-Risk Customers
13662,86,3,577.14,2,Regular Customers
13663,179,1,113.27,0,At-Risk Customers
13666,60,3,74.05,0,At-Risk Customers
13667,149,1,182.3,0,At-Risk Customers
13668,3,21,4436.6900000000005,1,High-Value Customers
13669,51,2,140.85,0,At-Risk Customers
13670,75,1,300.16,0,At-Risk Customers
13672,301,2,186.39000000000001,0,At-Risk Customers
13673,19,2,284.35,2,Regular Customers
13675,151,2,328.84000000000003,0,At-Risk Customers
13678,152,1,133.44,0,At-Risk Customers
13680,1,4,2935.21,1,High-Value Customers
13681,18,4,690.22,2,Regular Customers
13682,187,1,42.5,0,At-Risk Customers
13684,286,1,38.03,0,At-Risk Customers
13685,3,7,2405.2799999999997,1,High-Value Customers
13686,183,1,19.0,0,At-Risk Customers
13689,63,1,194.0,0,At-Risk Customers
13690,59,1,172.25,0,At-Risk Customers
13692,25,3,968.96,2,Regular Customers
13694,4,50,44045.16,1,High-Value Customers
13695,31,15,2285.71,1,High-Value Customers
13697,39,1,98.89999999999999,0,At-Risk Customers
13699,155,1,100.08000000000001,0,At-Risk Customers
13700,26,10,1457.2,1,High-Value Customers
13703,318,1,99.5,0,At-Risk Customers
13704,5,9,1782.17,1,High-Value Customers
13705,8,3,591.86,2,Regular Customers
13706,303,1,177.47,0,At-Risk Customers
13707,267,2,463.81,0,At-Risk Customers
13708,271,1,190.15,0,At-Risk Customers
13709,4,13,3856.94,1,High-Value Customers
13710,32,1,145.68,0,At-Risk Customers
13711,219,2,223.71,0,At-Risk Customers
13712,247,1,198.84,0,At-Risk Customers
13715,281,5,757.89,2,Regular Customers
13716,269,1,108.28,0,At-Risk Customers
13717,32,6,988.09,2,Regular Customers
13718,246,2,276.55,0,At-Risk Customers
13719,15,5,816.29,2,Regular Customers
13720,117,4,552.1,2,Regular Customers
13721,36,1,354.34,0,At-Risk Customers
13722,132,3,1441.15,2,Regular Customers
13723,217,1,199.85000000000002,0,At-Risk Customers
13725,50,8,1044.59,2,Regular Customers
13726,39,2,516.74,2,Regular Customers
13727,29,2,286.78000000000003,2,Regular Customers
13728,37,6,483.04,2,Regular Customers
13730,136,2,544.86,0,At-Risk Customers
13731,219,2,423.17,0,At-Risk Customers
13732,28,1,263.69,0,At-Risk Customers
13735,25,4,1958.96,2,Regular Customers
13736,5,2,435.48,2,Regular Customers
13737,200,1,303.34999999999997,0,At-Risk Customers
13739,18,1,216.9,0,At-Risk Customers
13740,241,1,277.43,0,At-Risk Customers
13741,72,3,528.28,2,Regular Customers
13742,17,12,2253.12,1,High-Value Customers
13743,3,7,1183.2,1,High-Value Customers
13744,95,2,415.84,0,At-Risk Customers
13745,162,1,164.44,0,At-Risk Customers
13747,374,1,79.6,0,At-Risk Customers
13748,96,5,902.4499999999999,2,Regular Customers
13750,54,5,1536.26,2,Regular Customers
13751,288,1,296.25,0,At-Risk Customers
13752,124,6,1089.35,2,Regular Customers
13753,288,1,354.15999999999997,0,At-Risk Customers
13754,152,2,282.59999999999997,0,At-Risk Customers
13755,4,9,1548.25,1,High-Value Customers
13756,2,14,3871.4900000000002,1,High-Value Customers
13758,12,7,2219.15,1,High-Value Customers
13759,33,2,474.59000000000003,2,Regular Customers
13760,54,2,224.2,0,At-Risk Customers
13761,50,2,688.4300000000001,2,Regular Customers
13762,219,1,216.72,0,At-Risk Customers
13763,63,1,1082.32,2,Regular Customers
13764,71,3,1149.22,2,Regular Customers
13767,2,37,11712.800000000001,1,High-Value Customers
13769,2,10,2260.54,1,High-Value Customers
13771,64,4,1760.22,2,Regular Customers
13772,34,3,769.18,2,Regular Customers
13774,82,1,197.0,0,At-Risk Customers
13777,1,33,24671.08,1,High-Value Customers
13778,103,1,151.45,0,At-Risk Customers
13780,7,2,287.51,2,Regular Customers
13781,251,1,105.14,0,At-Risk Customers
13782,13,6,699.75,2,Regular Customers
13784,10,11,2462.79,1,High-Value Customers
13786,367,1,200.39999999999998,0,At-Risk Customers
13787,76,2,254.8,0,At-Risk Customers
13790,4,1,145.22,2,Regular Customers
13791,128,2,903.0,2,Regular Customers
13792,66,2,132.25,0,At-Risk Customers
13798,1,57,32117.25,1,High-Value Customers
13799,117,2,426.48,0,At-Risk Customers
13800,310,1,326.53999999999996,0,At-Risk Customers
13801,67,1,245.0,0,At-Risk Customers
13802,139,3,3773.5,2,Regular Customers
13803,255,1,226.97,0,At-Risk Customers
13804,31,7,1932.62,1,High-Value Customers
13805,52,2,755.6,2,Regular Customers
13806,64,1,256.38,0,At-Risk Customers
13807,367,1,76.89999999999999,0,At-Risk Customers
13808,6,5,1204.08,2,Regular Customers
13809,305,1,129.20000000000002,0,At-Risk Customers
13810,29,3,1283.64,2,Regular Customers
13811,184,3,583.5,0,At-Risk Customers
13812,42,3,453.6,2,Regular Customers
13813,40,4,1106.94,2,Regular Customers
13814,92,2,737.17,2,Regular Customers
13815,22,4,2401.76,2,Regular Customers
13816,24,2,425.45,2,Regular Customers
13817,29,2,284.46,2,Regular Customers
13819,302,3,809.15,0,At-Risk Customers
13821,145,2,228.73000000000002,0,At-Risk Customers
13822,6,2,434.26,2,Regular Customers
13823,19,2,598.86,2,Regular Customers
13824,33,5,1427.44,2,Regular Customers
13826,176,1,140.8,0,At-Risk Customers
13827,58,3,268.2,2,Regular Customers
13828,22,1,113.33,0,At-Risk Customers
13831,16,6,2139.0099999999998,1,High-Value Customers
13832,19,1,52.199999999999996,0,At-Risk Customers
13833,159,1,233.85,0,At-Risk Customers
13835,25,4,643.92,2,Regular Customers
13837,212,2,264.49,0,At-Risk Customers
13838,6,4,419.59999999999997,2,Regular Customers
13841,253,1,85.0,0,At-Risk Customers
13842,59,9,2497.91,1,High-Value Customers
13844,11,1,212.74,2,Regular Customers
13845,65,1,286.42,0,At-Risk Customers
13846,25,3,551.1,2,Regular Customers
13848,92,3,1255.0,2,Regular Customers
13849,52,2,855.59,2,Regular Customers
13850,129,1,492.24,0,At-Risk Customers
13851,96,3,2129.16,2,Regular Customers
13853,57,1,878.34,2,Regular Customers
13854,9,25,7827.76,1,High-Value Customers
13856,169,3,297.8,0,At-Risk Customers
13858,57,1,166.82,0,At-Risk Customers
13859,326,1,142.68,0,At-Risk Customers
13860,1,5,997.9,1,High-Value Customers
13862,18,8,1468.51,1,High-Value Customers
13863,248,1,245.6,0,At-Risk Customers
13865,58,4,466.16,2,Regular Customers
13866,74,1,145.67000000000002,0,At-Risk Customers
13867,31,3,751.09,2,Regular Customers
13868,7,2,2984.49,2,Regular Customers
13869,123,4,1793.1,2,Regular Customers
13870,2,8,1956.88,1,High-Value Customers
13871,23,13,4272.1,1,High-Value Customers
13873,120,3,324.5,0,At-Risk Customers
13874,358,1,507.75,0,At-Risk Customers
13875,54,5,1270.39,2,Regular Customers
13876,64,1,110.1,0,At-Risk Customers
13877,86,1,117.24,0,At-Risk Customers
13878,55,1,1115.45,2,Regular Customers
13880,21,13,2479.6,1,High-Value Customers
13881,4,20,15116.1,1,High-Value Customers
13882,3,5,752.02,2,Regular Customers
13883,11,5,1645.95,2,Regular Customers
13884,7,5,621.9,2,Regular Customers
13885,189,2,410.2,0,At-Risk Customers
13886,71,1,186.06,0,At-Risk Customers
13887,204,1,247.28000000000003,0,At-Risk Customers
13888,120,2,444.27,0,At-Risk Customers
13889,93,1,221.9,0,At-Risk Customers
13890,1,10,1435.5,1,High-Value Customers
13892,27,4,617.97,2,Regular Customers
13893,298,1,656.1,0,At-Risk Customers
13894,24,3,451.52,2,Regular Customers
13895,28,4,1995.3700000000001,2,Regular Customers
13897,50,1,193.96,0,At-Risk Customers
13898,326,1,131.81,0,At-Risk Customers
13899,16,2,300.02,2,Regular Customers
13900,183,3,547.73,0,At-Risk Customers
13901,72,5,1520.53,2,Regular Customers
13904,37,2,200.76,0,At-Risk Customers
13908,80,4,1652.1299999999999,2,Regular Customers
13911,57,9,1958.54,1,High-Value Customers
13914,12,2,536.9300000000001,2,Regular Customers
13917,50,2,209.88,0,At-Risk Customers
13918,50,2,942.5400000000001,2,Regular Customers
13919,59,2,210.87,0,At-Risk Customers
13922,352,1,172.25,0,At-Risk Customers
13923,54,1,245.17000000000002,0,At-Risk Customers
13924,2,6,1288.97,1,High-Value Customers
13925,93,4,423.72,2,Regular Customers
13926,23,1,188.45000000000002,0,At-Risk Customers
13927,75,1,249.99,0,At-Risk Customers
13928,11,4,464.57,2,Regular Customers
13929,169,2,842.65,0,At-Risk Customers
13930,58,2,200.54,0,At-Risk Customers
13931,96,2,775.85,2,Regular Customers
13932,295,1,199.8,0,At-Risk Customers
13933,109,2,391.74,0,At-Risk Customers
13934,264,1,707.3,0,At-Risk Customers
13936,180,1,254.6,0,At-Risk Customers
13937,169,1,134.85,0,At-Risk Customers
13938,35,1,65.02,0,At-Risk Customers
13939,23,3,405.83,2,Regular Customers
13940,17,4,647.14,2,Regular Customers
13941,22,5,4884.54,1,High-Value Customers
13946,79,3,561.5699999999999,2,Regular Customers
13947,65,1,51.0,0,At-Risk Customers
13948,361,1,102.0,0,At-Risk Customers
13949,3,6,1709.28,1,High-Value Customers
13950,11,4,593.8299999999999,2,Regular Customers
13951,176,3,437.45,0,At-Risk Customers
13952,218,2,1932.261,2,Regular Customers
13953,7,7,3458.08,1,High-Value Customers
13954,2,2,386.52,2,Regular Customers
13955,154,2,256.76,0,At-Risk Customers
13956,5,5,915.17,2,Regular Customers
13959,79,3,462.52,2,Regular Customers
13960,21,2,170.76,2,Regular Customers
13962,22,2,169.55,2,Regular Customers
13963,308,4,527.59,0,At-Risk Customers
13967,146,1,80.7,0,At-Risk Customers
13969,7,18,6650.93,1,High-Value Customers
13971,19,8,2049.38,1,High-Value Customers
13972,71,2,136.67000000000002,0,At-Risk Customers
13973,287,1,264.7,0,At-Risk Customers
13974,49,1,205.17000000000002,0,At-Risk Customers
13975,31,6,1498.77,2,Regular Customers
13976,207,1,357.98,0,At-Risk Customers
13978,15,2,178.07,2,Regular Customers
13979,73,1,393.47,0,At-Risk Customers
13980,60,1,195.57999999999998,0,At-Risk Customers
13982,39,4,1538.75,2,Regular Customers
13983,30,12,2343.18,1,High-Value Customers
13984,27,5,849.21,2,Regular Customers
13985,4,15,3811.83,1,High-Value Customers
13986,17,1,282.33,2,Regular Customers
13988,20,6,3107.12,1,High-Value Customers
13989,66,2,984.5799999999999,2,Regular Customers
13990,213,1,197.45000000000002,0,At-Risk Customers
13991,12,6,639.76,2,Regular Customers
13992,30,1,48.3,0,At-Risk Customers
13993,43,9,2955.96,1,High-Value Customers
13994,4,6,1681.67,1,High-Value Customers
13995,15,5,778.19,2,Regular Customers
13999,10,12,2794.88,1,High-Value Customers
14000,211,1,560.0600000000001,0,At-Risk Customers
14001,46,3,1311.38,2,Regular Customers
14002,134,2,313.65,0,At-Risk Customers
14004,43,7,2325.68,1,High-Value Customers
14005,10,5,1783.18,1,High-Value Customers
14006,116,3,605.07,2,Regular Customers
14009,198,2,457.86,0,At-Risk Customers
14012,278,1,226.5,0,At-Risk Customers
14013,110,3,292.48,0,At-Risk Customers
14014,77,1,293.7,0,At-Risk Customers
14015,53,1,608.34,0,At-Risk Customers
14016,162,4,2822.31,2,Regular Customers
14019,47,3,1050.21,2,Regular Customers
14020,17,2,493.44,2,Regular Customers
14021,155,3,535.15,0,At-Risk Customers
14022,225,1,315.2,0,At-Risk Customers
14023,7,2,448.54,2,Regular Customers
14024,122,2,223.0,0,At-Risk Customers
14027,61,1,62.46,0,At-Risk Customers
14029,63,2,385.06,0,At-Risk Customers
14030,18,8,1678.6,1,High-Value Customers
14031,7,19,15213.73,1,High-Value Customers
14032,2,11,2497.37,1,High-Value Customers
14034,22,3,574.89,2,Regular Customers
14035,29,5,1281.42,2,Regular Customers
14036,285,1,395.95,0,At-Risk Customers
14037,176,2,81.65,0,At-Risk Customers
14038,78,3,570.72,2,Regular Customers
14039,33,1,102.69999999999999,0,At-Risk Customers
14040,41,12,2267.97,1,High-Value Customers
14041,266,1,130.56,0,At-Risk Customers
14044,27,4,381.45,2,Regular Customers
14045,109,4,1659.75,2,Regular Customers
14046,284,1,137.53,0,At-Risk Customers
14047,9,5,1187.91,2,Regular Customers
14048,305,1,197.92,0,At-Risk Customers
14049,17,4,3260.71,2,Regular Customers
14050,32,2,460.36,2,Regular Customers
14051,1,23,13043.29,1,High-Value Customers
14052,20,1,147.43,0,At-Risk Customers
14053,124,2,260.25,0,At-Risk Customers
14054,65,1,26.46,0,At-Risk Customers
14055,106,1,712.1200000000001,0,At-Risk Customers
14056,1,23,5796.36,1,High-Value Customers
14057,24,17,4015.25,1,High-Value Customers
14059,267,1,124.2,0,At-Risk Customers
14060,5,19,5354.44,1,High-Value Customers
14062,10,12,7702.01,1,High-Value Customers
14064,29,5,1112.55,2,Regular Customers
14066,267,1,121.95,0,At-Risk Customers
14067,64,2,333.19,0,At-Risk Customers
14068,320,1,211.1,0,At-Risk Customers
14071,4,8,951.74,1,High-Value Customers
14073,32,1,110.16,0,At-Risk Customers
14075,5,3,754.34,2,Regular Customers
14076,129,1,92.92,0,At-Risk Customers
14077,41,5,437.59000000000003,2,Regular Customers
14078,102,6,967.63,2,Regular Customers
14079,125,1,339.1,0,At-Risk Customers
14080,33,1,25.2,0,At-Risk Customers
14081,302,2,629.9,0,At-Risk Customers
14082,365,1,133.7,0,At-Risk Customers
14083,4,9,701.66,1,High-Value Customers
14085,2,18,3455.19,1,High-Value Customers
14087,3,1,131.7,2,Regular Customers
14088,10,13,44785.87,1,High-Value Customers
14089,57,1,154.25,0,At-Risk Customers
14090,325,1,76.32000000000001,0,At-Risk Customers
14092,8,14,3035.84,1,High-Value Customers
14093,12,1,248.26,2,Regular Customers
14096,4,17,38307.17,1,High-Value Customers
14098,37,1,143.15,0,At-Risk Customers
14099,16,11,2558.13,1,High-Value Customers
14100,138,1,150.8,0,At-Risk Customers
14101,74,6,5976.79,1,High-Value Customers
14102,5,5,955.63,2,Regular Customers
14104,155,2,197.64999999999998,0,At-Risk Customers
14105,239,1,589.48,0,At-Risk Customers
14107,52,7,1932.53,2,Regular Customers
14108,31,2,562.33,2,Regular Customers
14109,73,1,124.2,0,At-Risk Customers
14110,4,12,4353.55,1,High-Value Customers
14111,14,4,692.85,2,Regular Customers
14112,23,7,1270.06,2,Regular Customers
14113,4,4,1746.94,1,High-Value Customers
14114,274,2,242.23,0,At-Risk Customers
14116,20,5,1130.2,2,Regular Customers
14117,144,1,30.0,0,At-Risk Customers
14121,4,4,1697.07,1,High-Value Customers
14124,84,1,419.58000000000004,0,At-Risk Customers
14125,11,3,1429.0,2,Regular Customers
14126,8,3,624.33,2,Regular Customers
14127,123,3,326.93,0,At-Risk Customers
14128,61,2,372.3,0,At-Risk Customers
14129,2,5,807.0600000000001,1,High-Value Customers
14130,319,1,321.38,0,At-Risk Customers
14132,2,11,2543.37,1,High-Value Customers
14133,130,3,496.94,0,At-Risk Customers
14135,2,15,3572.57,1,High-Value Customers
14138,2,2,645.1,2,Regular Customers
14139,46,1,303.02,0,At-Risk Customers
14140,4,2,496.96999999999997,2,Regular Customers
14141,3,4,758.0300000000001,2,Regular Customers
14142,373,1,247.07,0,At-Risk Customers
14143,134,1,51.8,0,At-Risk Customers
14145,47,4,2554.2,2,Regular Customers
14146,9,5,2413.64,1,High-Value Customers
14147,78,2,483.4,0,At-Risk Customers
14148,234,1,142.35,0,At-Risk Customers
14149,221,1,206.11,0,At-Risk Customers
14150,36,2,629.72,2,Regular Customers
14152,75,2,400.19,0,At-Risk Customers
14154,239,2,788.12,0,At-Risk Customers
14155,266,1,47.35,0,At-Risk Customers
14156,10,55,91728.93000000001,1,High-Value Customers
14157,20,2,306.15000000000003,2,Regular Customers
14158,40,1,268.2,0,At-Risk Customers
14159,20,11,2609.15,1,High-Value Customers
14161,216,3,897.61,0,At-Risk Customers
14162,174,2,286.06,0,At-Risk Customers
14163,87,4,1940.8600000000001,2,Regular Customers
14164,71,2,1110.97,2,Regular Customers
14165,276,1,91.45,0,At-Risk Customers
14167,39,4,340.64,2,Regular Customers
14171,98,1,277.97,0,At-Risk Customers
14173,11,4,415.84,2,Regular Customers
14174,33,1,99.5,0,At-Risk Customers
14175,60,3,1911.8,2,Regular Customers
14176,297,4,356.90000000000003,0,At-Risk Customers
14177,86,4,526.36,2,Regular Customers
14178,9,7,1168.21,1,High-Value Customers
14179,41,2,382.06,2,Regular Customers
14180,11,25,4108.42,1,High-Value Customers
14184,67,1,295.49,0,At-Risk Customers
14185,331,1,197.65,0,At-Risk Customers
14188,31,6,1240.76,2,Regular Customers
14189,2,15,3416.75,1,High-Value Customers
14191,2,13,2576.65,1,High-Value Customers
14193,68,2,513.19,2,Regular Customers
14194,5,21,7774.15,1,High-Value Customers
14195,202,2,920.1999999999999,0,At-Risk Customers
14196,107,1,335.52,0,At-Risk Customers
14198,18,4,589.95,2,Regular Customers
14199,218,1,185.39999999999998,0,At-Risk Customers
14201,60,7,695.48,2,Regular Customers
14204,2,1,120.62,2,Regular Customers
14205,17,2,197.1,2,Regular Customers
14206,239,1,158.78,0,At-Risk Customers
14208,95,1,127.72,0,At-Risk Customers
14209,11,6,1647.09,1,High-Value Customers
14210,106,6,1405.45,2,Regular Customers
14211,53,9,1691.96,1,High-Value Customers
14212,90,1,680.6800000000001,0,At-Risk Customers
14214,31,5,727.04,2,Regular Customers
14215,12,6,938.88,2,Regular Customers
14216,3,4,1641.3400000000001,1,High-Value Customers
14217,2,17,1740.18,1,High-Value Customers
14218,43,1,106.62,0,At-Risk Customers
14219,4,1,85.26,2,Regular Customers
14220,247,2,547.05,0,At-Risk Customers
14221,42,9,2205.68,1,High-Value Customers
14222,177,1,395.05,0,At-Risk Customers
14223,92,3,695.99,2,Regular Customers
14224,110,4,861.37,2,Regular Customers
14226,29,5,1775.25,2,Regular Customers
14227,26,10,1878.17,1,High-Value Customers
14229,52,3,1359.7,2,Regular Customers
14231,184,3,577.36,0,At-Risk Customers
14232,43,5,1487.02,2,Regular Customers
14233,49,4,1282.1200000000001,2,Regular Customers
14234,22,4,481.08,2,Regular Customers
14235,75,5,2419.0,2,Regular Customers
14236,81,2,418.14,0,At-Risk Customers
14237,373,1,143.3,0,At-Risk Customers
14238,326,1,146.85,0,At-Risk Customers
14239,43,11,1647.4,1,High-Value Customers
14240,30,2,739.98,2,Regular Customers
14241,184,1,157.3,0,At-Risk Customers
14242,235,2,280.55,0,At-Risk Customers
14243,9,10,2186.85,1,High-Value Customers
14245,220,2,908.66,0,At-Risk Customers
14246,111,3,1102.21,2,Regular Customers
14247,278,1,111.22,0,At-Risk Customers
14248,318,1,287.58,0,At-Risk Customers
14250,7,3,1009.5600000000001,2,Regular Customers
14251,2,5,1924.56,1,High-Value Customers
14256,260,2,707.9,0,At-Risk Customers
14257,64,5,2251.92,2,Regular Customers
14258,9,9,10680.02,1,High-Value Customers
14259,142,1,120.0,0,At-Risk Customers
14261,51,2,587.6700000000001,2,Regular Customers
14262,8,8,1547.31,1,High-Value Customers
14264,155,2,254.47,0,At-Risk Customers
14265,109,2,392.38,0,At-Risk Customers
14267,163,3,1179.1399999999999,2,Regular Customers
14270,332,1,313.05,0,At-Risk Customers
14271,226,1,87.24000000000001,0,At-Risk Customers
14272,74,2,393.5,0,At-Risk Customers
14273,51,4,301.37,2,Regular Customers
14276,99,3,635.29,2,Regular Customers
14277,15,3,2707.61,2,Regular Customers
14280,197,1,114.24,0,At-Risk Customers
14282,3,15,1921.25,1,High-Value Customers
14284,31,2,465.55,2,Regular Customers
14285,21,4,1778.13,2,Regular Customers
14286,24,3,1961.93,2,Regular Customers
14287,8,3,176.63,2,Regular Customers
14288,213,1,318.6,0,At-Risk Customers
14289,9,6,625.24,2,Regular Customers
14290,11,5,1656.48,2,Regular Customers
14291,2,11,2298.38,1,High-Value Customers
14292,8,9,3419.89,1,High-Value Customers
14293,3,4,640.57,2,Regular Customers
14295,40,1,90.60000000000001,0,At-Risk Customers
14297,18,4,1005.61,2,Regular Customers
14298,8,44,30026.43,1,High-Value Customers
14299,8,9,3322.0,1,High-Value Customers
14300,19,1,26.7,0,At-Risk Customers
14301,117,1,563.8199999999999,0,At-Risk Customers
14304,223,1,258.5,0,At-Risk Customers
14305,71,3,1144.5,2,Regular Customers
14306,51,2,1670.74,2,Regular Customers
14307,89,6,1932.04,2,Regular Customers
14309,8,9,1588.1100000000001,1,High-Value Customers
14311,243,1,224.21,0,At-Risk Customers
14312,47,6,1256.01,2,Regular Customers
14314,107,1,110.64,0,At-Risk Customers
14315,45,6,1534.58,2,Regular Customers
14317,65,1,440.28,0,At-Risk Customers
14320,207,2,292.51,0,At-Risk Customers
14321,11,5,1121.39,2,Regular Customers
14323,115,2,466.88,0,At-Risk Customers
14326,242,1,151.85,0,At-Risk Customers
14327,163,1,280.85,0,At-Risk Customers
14329,17,7,2641.42,1,High-Value Customers
14331,124,2,335.88,0,At-Risk Customers
14332,23,3,760.8,2,Regular Customers
14333,68,1,327.35,0,At-Risk Customers
14334,17,8,1458.39,1,High-Value Customers
14335,16,2,322.31,2,Regular Customers
14336,17,4,1165.27,2,Regular Customers
14338,161,2,398.72,0,At-Risk Customers
14339,243,1,277.21999999999997,0,At-Risk Customers
14340,219,1,114.9,0,At-Risk Customers
14341,45,8,1252.0,2,Regular Customers
14342,21,4,622.66,2,Regular Customers
14344,127,8,803.34,2,Regular Customers
14345,39,1,108.97999999999999,0,At-Risk Customers
14346,121,2,665.6,0,At-Risk Customers
14348,260,1,319.57,0,At-Risk Customers
14349,10,1,101.99000000000001,0,At-Risk Customers
14350,274,1,190.29,0,At-Risk Customers
14351,165,1,51.0,0,At-Risk Customers
14352,157,4,763.61,2,Regular Customers
14353,215,1,75.6,0,At-Risk Customers
14354,6,2,163.62,2,Regular Customers
14355,366,1,126.7,0,At-Risk Customers
14356,80,2,496.25,0,At-Risk Customers
14357,43,1,173.07,0,At-Risk Customers
14359,19,3,689.78,2,Regular Customers
14360,32,4,1230.47,2,Regular Customers
14362,22,1,97.62,0,At-Risk Customers
14364,109,8,2341.85,2,Regular Customers
14367,8,16,5236.7,1,High-Value Customers
14368,320,1,121.0,0,At-Risk Customers
14371,295,1,100.5,0,At-Risk Customers
14373,358,1,76.55,0,At-Risk Customers
14375,185,1,193.49,0,At-Risk Customers
14377,191,2,557.05,0,At-Risk Customers
14379,44,2,251.42000000000002,0,At-Risk Customers
14381,52,1,128.4,0,At-Risk Customers
14382,26,1,388.82,2,Regular Customers
14383,38,3,1092.42,2,Regular Customers
14385,9,3,176.11,2,Regular Customers
14386,297,1,124.7,0,At-Risk Customers
14387,33,3,1103.5,2,Regular Customers
14388,10,8,1929.94,1,High-Value Customers
14389,65,2,477.46000000000004,2,Regular Customers
14390,10,9,3504.55,1,High-Value Customers
14393,218,1,67.95,0,At-Risk Customers
14395,2,9,2569.8,1,High-Value Customers
14396,65,2,306.68,0,At-Risk Customers
14397,3,19,2522.96,1,High-Value Customers
14400,149,1,432.15,0,At-Risk Customers
14401,4,13,3144.92,1,High-Value Customers
14403,130,4,1372.06,2,Regular Customers
14404,34,6,987.14,2,Regular Customers
14406,119,1,135.95,0,At-Risk Customers
14407,107,6,1810.24,2,Regular Customers
14408,11,7,2066.33,1,High-Value Customers
14409,71,6,1530.75,2,Regular Customers
14410,92,9,749.8,2,Regular Customers
14411,311,1,637.0,0,At-Risk Customers
14412,43,2,626.11,2,Regular Customers
14413,362,1,98.0,0,At-Risk Customers
14414,92,7,1241.98,2,Regular Customers
14415,1,13,3706.21,1,High-Value Customers
14416,22,2,451.32000000000005,2,Regular Customers
14418,4,3,1486.17,2,Regular Customers
14419,11,6,670.65,2,Regular Customers
14420,99,1,219.6,0,At-Risk Customers
14421,57,2,656.12,2,Regular Customers
14422,1,6,2776.98,1,High-Value Customers
14423,218,1,265.2,0,At-Risk Customers
14424,18,1,322.08,2,Regular Customers
14426,24,10,2830.07,1,High-Value Customers
14427,50,2,333.4,0,At-Risk Customers
14428,7,5,1046.9,2,Regular Customers
14431,303,1,343.76,0,At-Risk Customers
14432,10,6,1501.25,1,High-Value Customers
14434,22,6,1372.8,2,Regular Customers
14436,99,1,76.7,0,At-Risk Customers
14437,366,1,42.599999999999994,0,At-Risk Customers
14438,306,1,45.4,0,At-Risk Customers
14439,320,1,1714.1399999999999,0,At-Risk Customers
14440,8,5,1857.44,1,High-Value Customers
14441,1,4,1630.19,1,High-Value Customers
14442,205,2,1343.07,0,At-Risk Customers
14443,54,4,830.5600000000001,2,Regular Customers
14446,1,4,648.29,2,Regular Customers
14447,19,5,625.19,2,Regular Customers
14448,9,2,354.05000000000007,2,Regular Customers
14449,19,4,648.98,2,Regular Customers
14450,181,3,479.05,0,At-Risk Customers
14451,60,2,338.09,0,At-Risk Customers
14452,11,2,201.25,2,Regular Customers
14453,190,1,94.53,0,At-Risk Customers
14456,5,9,1568.59,1,High-Value Customers
14457,311,1,113.64,0,At-Risk Customers
14459,155,1,1352.72,0,At-Risk Customers
14460,110,3,396.9,0,At-Risk Customers
14461,148,3,1376.31,2,Regular Customers
14462,66,11,1705.18,1,High-Value Customers
14463,98,3,529.62,2,Regular Customers
14465,247,3,669.97,0,At-Risk Customers
14466,29,7,1880.45,1,High-Value Customers
14467,18,4,467.11,2,Regular Customers
14470,12,2,365.26,2,Regular Customers
14472,104,8,1498.91,2,Regular Customers
14473,74,2,234.34000000000003,0,At-Risk Customers
14474,46,1,335.26,0,At-Risk Customers
14475,72,3,774.05,2,Regular Customers
14476,257,1,187.1,0,At-Risk Customers
14477,20,4,826.8,2,Regular Customers
14479,254,2,251.75,0,At-Risk Customers
14480,11,1,223.85,2,Regular Customers
14481,165,2,525.21,0,At-Risk Customers
14482,18,6,1543.72,2,Regular Customers
14483,282,1,120.75,0,At-Risk Customers
14484,50,1,218.76,0,At-Risk Customers
14485,39,1,103.96,0,At-Risk Customers
14487,27,6,888.5899999999999,2,Regular Customers
14488,68,1,754.56,0,At-Risk Customers
14489,207,1,161.63,0,At-Risk Customers
14491,175,2,288.23,0,At-Risk Customers
14493,7,5,1666.58,1,High-Value Customers
14494,26,1,122.16,0,At-Risk Customers
14495,51,2,61.4,0,At-Risk Customers
14496,312,2,493.06,0,At-Risk Customers
14497,309,1,336.91,0,At-Risk Customers
14498,43,5,1477.31,2,Regular Customers
14499,26,3,500.86,2,Regular Customers
14500,88,3,356.85,0,At-Risk Customers
14501,184,2,194.17000000000002,0,At-Risk Customers
14502,20,11,1583.09,1,High-Value Customers
14503,3,6,2298.41,1,High-Value Customers
14504,47,4,537.28,2,Regular Customers
14505,17,8,3938.77,1,High-Value Customers
14506,17,5,1216.53,2,Regular Customers
14507,24,6,1123.7,2,Regular Customers
14508,22,2,226.57,2,Regular Customers
14511,11,5,901.49,2,Regular Customers
14512,188,2,229.38,0,At-Risk Customers
14513,101,3,453.94,2,Regular Customers
14514,61,3,884.65,2,Regular Customers
14515,18,6,1775.58,1,High-Value Customers
14517,33,2,285.90000000000003,2,Regular Customers
14518,64,1,136.57999999999998,0,At-Risk Customers
14520,2,2,270.6,2,Regular Customers
14522,24,4,776.24,2,Regular Customers
14523,108,1,205.69,0,At-Risk Customers
14524,32,9,1513.5,1,High-Value Customers
14525,20,9,3612.38,1,High-Value Customers
14527,3,55,7089.31,1,High-Value Customers
14528,37,1,345.62,0,At-Risk Customers
14529,60,3,367.88,2,Regular Customers
14530,26,6,2506.46,1,High-Value Customers
14532,236,4,490.95,0,At-Risk Customers
14533,25,7,1790.6,1,High-Value Customers
14534,3,18,3448.6,1,High-Value Customers
14535,60,3,1818.63,2,Regular Customers
14536,260,1,142.65,0,At-Risk Customers
14537,58,1,193.8,0,At-Risk Customers
14538,65,2,335.51,0,At-Risk Customers
14539,16,2,437.4,2,Regular Customers
14540,10,3,893.17,2,Regular Customers
14541,59,8,1231.85,2,Regular Customers
14542,186,1,103.25,0,At-Risk Customers
14543,29,16,3552.73,1,High-Value Customers
14544,24,2,1310.8,2,Regular Customers
14546,5,5,1681.23,1,High-Value Customers
14547,4,8,2863.89,1,High-Value Customers
14548,151,2,652.8,0,At-Risk Customers
14549,311,1,193.99,0,At-Risk Customers
14550,11,2,669.4,2,Regular Customers
14551,18,2,186.23,2,Regular Customers
14552,152,1,106.66,0,At-Risk Customers
14553,19,5,716.74,2,Regular Customers
14554,10,4,1686.7,2,Regular Customers
14555,57,2,275.44,0,At-Risk Customers
14557,85,1,688.54,0,At-Risk Customers
14560,7,22,1953.06,1,High-Value Customers
14561,76,3,729.52,2,Regular Customers
14562,4,18,3942.44,1,High-Value Customers
14565,96,4,1949.73,2,Regular Customers
14566,111,1,358.0,0,At-Risk Customers
14567,57,2,962.76,2,Regular Customers
14569,1,1,224.89,2,Regular Customers
14570,281,2,181.18,0,At-Risk Customers
14572,3,7,2217.19,1,High-Value Customers
14573,180,9,1314.24,2,Regular Customers
14576,372,1,35.400000000000006,0,At-Risk Customers
14577,13,4,445.66,2,Regular Customers
14578,3,1,124.53,2,Regular Customers
14581,17,1,136.5,0,At-Risk Customers
14582,41,1,100.36,0,At-Risk Customers
14583,6,5,686.18,2,Regular Customers
14584,169,4,801.25,2,Regular Customers
14585,50,1,121.21000000000001,0,At-Risk Customers
14586,277,1,128.52,0,At-Risk Customers
14587,19,9,1066.25,1,High-Value Customers
14589,372,1,23.85,0,At-Risk Customers
14591,15,4,874.4,2,Regular Customers
14592,35,3,394.90999999999997,2,Regular Customers
14593,22,3,443.61,2,Regular Customers
14594,7,2,242.48,2,Regular Customers
14595,20,6,1056.73,2,Regular Customers
14597,11,2,770.64,2,Regular Customers
14598,44,1,152.63,0,At-Risk Customers
14600,306,1,269.13,0,At-Risk Customers
14601,11,1,213.96,2,Regular Customers
14603,275,1,660.0,0,At-Risk Customers
14606,1,93,9978.05,1,High-Value Customers
14607,16,14,11709.2,1,High-Value Customers
14608,4,4,1493.55,2,Regular Customers
14609,72,4,601.56,2,Regular Customers
14616,243,3,406.08000000000004,0,At-Risk Customers
14618,9,3,517.74,2,Regular Customers
14619,246,1,280.94,0,At-Risk Customers
14620,206,2,317.33,0,At-Risk Customers
14621,1,5,1190.34,1,High-Value Customers
14622,185,1,229.58,0,At-Risk Customers
14623,32,5,609.17,2,Regular Customers
14624,57,2,202.45,0,At-Risk Customers
14625,196,2,639.98,0,At-Risk Customers
14626,24,4,1866.63,2,Regular Customers
14628,91,2,557.8100000000001,0,At-Risk Customers
14629,4,2,545.85,2,Regular Customers
14631,51,3,791.52,2,Regular Customers
14632,263,1,94.24,0,At-Risk Customers
14633,266,1,206.65,0,At-Risk Customers
14636,36,2,336.63,2,Regular Customers
14638,51,1,392.39,0,At-Risk Customers
14639,52,6,1718.88,2,Regular Customers
14640,24,6,1615.24,2,Regular Customers
14641,22,1,100.25999999999999,0,At-Risk Customers
14642,59,1,96.12,0,At-Risk Customers
14643,170,2,593.01,0,At-Risk Customers
14644,68,2,638.58,2,Regular Customers
14645,157,2,488.31,0,At-Risk Customers
14646,2,73,202359.83,1,High-Value Customers
14647,201,1,204.94,0,At-Risk Customers
14649,5,4,1035.68,2,Regular Customers
14651,67,2,500.57,2,Regular Customers
14652,77,1,80.64,0,At-Risk Customers
14653,1,7,1398.92,1,High-Value Customers
14655,8,4,1509.43,2,Regular Customers
14656,169,2,224.15,0,At-Risk Customers
14657,18,4,553.66,2,Regular Customers
14658,5,2,216.31,2,Regular Customers
14659,9,9,1725.44,1,High-Value Customers
14660,87,2,257.84000000000003,0,At-Risk Customers
14661,27,1,107.95,0,At-Risk Customers
14662,29,4,502.69,2,Regular Customers
14664,20,2,367.95,2,Regular Customers
14665,61,5,1180.97,2,Regular Customers
14666,24,1,172.29999999999998,0,At-Risk Customers
14667,11,25,7638.42,1,High-Value Customers
14669,242,3,886.88,0,At-Risk Customers
14670,280,2,253.72,0,At-Risk Customers
14672,235,2,629.4,0,At-Risk Customers
14673,3,5,1482.0,1,High-Value Customers
14675,16,1,513.31,2,Regular Customers
14676,31,6,2301.28,1,High-Value Customers
14680,25,16,17377.36,1,High-Value Customers
14681,71,3,498.95,2,Regular Customers
14682,188,2,52.0,0,At-Risk Customers
14684,26,5,737.74,2,Regular Customers
14687,107,1,628.38,0,At-Risk Customers
14688,8,21,4463.22,1,High-Value Customers
14689,209,1,90.15,0,At-Risk Customers
14690,44,2,294.82,0,At-Risk Customers
14691,31,5,1584.98,2,Regular Customers
14692,137,4,452.4,2,Regular Customers
14693,265,1,172.9,0,At-Risk Customers
14696,4,7,1712.57,1,High-Value Customers
14697,218,2,149.57999999999998,0,At-Risk Customers
14698,2,5,898.66,1,High-Value Customers
14699,214,1,102.53,0,At-Risk Customers
14700,32,3,1186.66,2,Regular Customers
14701,11,9,2030.77,1,High-Value Customers
14702,1,17,2555.12,1,High-Value Customers
14703,15,1,178.39,0,At-Risk Customers
14704,11,9,1025.58,1,High-Value Customers
14705,199,1,179.0,0,At-Risk Customers
14708,3,3,1039.19,2,Regular Customers
14709,15,13,1462.03,1,High-Value Customers
14710,14,4,487.54,2,Regular Customers
14711,10,11,2425.94,1,High-Value Customers
14712,29,3,519.87,2,Regular Customers
14713,9,11,1979.69,1,High-Value Customers
14714,24,1,160.19,0,At-Risk Customers
14715,25,4,809.18,2,Regular Customers
14716,43,2,261.91,0,At-Risk Customers
14719,2,5,967.09,1,High-Value Customers
14720,6,3,548.71,2,Regular Customers
14722,147,1,153.12,0,At-Risk Customers
14723,10,6,872.08,2,Regular Customers
14725,25,1,444.58,2,Regular Customers
14727,274,1,166.88,0,At-Risk Customers
14729,374,1,216.7,0,At-Risk Customers
14730,1,8,1365.78,1,High-Value Customers
14731,47,3,313.8,2,Regular Customers
14732,8,8,2369.93,1,High-Value Customers
14733,16,12,8539.29,1,High-Value Customers
14735,4,32,4564.19,1,High-Value Customers
14737,4,3,1054.55,2,Regular Customers
14738,43,7,1117.3300000000002,2,Regular Customers
14739,4,7,2754.54,1,High-Value Customers
14740,197,3,674.11,0,At-Risk Customers
14741,12,6,1191.54,2,Regular Customers
14744,16,7,842.48,2,Regular Customers
14745,113,5,884.96,2,Regular Customers
14747,249,1,191.55,0,At-Risk Customers
14748,29,5,811.35,2,Regular Customers
14752,44,1,389.64,0,At-Risk Customers
14753,87,1,346.7,0,At-Risk Customers
14754,45,2,472.47,2,Regular Customers
14755,10,11,4013.71,1,High-Value Customers
14756,15,1,518.34,2,Regular Customers
14757,75,1,345.74,0,At-Risk Customers
14758,145,4,1226.26,2,Regular Customers
14759,5,3,1059.84,2,Regular Customers
14760,297,1,71.5,0,At-Risk Customers
14761,59,2,246.0,0,At-Risk Customers
14762,264,1,182.48,0,At-Risk Customers
14764,47,1,248.3,0,At-Risk Customers
14765,29,3,232.7,2,Regular Customers
14766,8,6,1794.02,1,High-Value Customers
14768,17,2,192.60000000000002,2,Regular Customers
14769,3,8,5800.28,1,High-Value Customers
14770,232,2,587.04,0,At-Risk Customers
14772,112,1,106.86,0,At-Risk Customers
14775,58,3,550.1999999999999,2,Regular Customers
14776,51,11,1854.12,1,High-Value Customers
14778,127,2,524.16,0,At-Risk Customers
14779,281,3,362.4,0,At-Risk Customers
14780,55,2,322.88,0,At-Risk Customers
14782,320,1,200.10000000000002,0,At-Risk Customers
14784,26,2,268.03000000000003,2,Regular Customers
14785,10,2,77.4,2,Regular Customers
14788,7,2,668.9399999999999,2,Regular Customers
14789,29,1,166.44,0,At-Risk Customers
14790,17,4,532.76,2,Regular Customers
14792,64,1,6.2,0,At-Risk Customers
14793,21,1,139.59,0,At-Risk Customers
14794,3,7,959.86,1,High-Value Customers
14795,166,1,59.900000000000006,0,At-Risk Customers
14796,1,17,5750.55,1,High-Value Customers
14798,53,3,163.54000000000002,0,At-Risk Customers
14799,51,1,127.15,0,At-Risk Customers
14800,48,12,2805.88,1,High-Value Customers
14801,61,1,96.84,0,At-Risk Customers
14803,162,3,512.13,0,At-Risk Customers
14804,9,1,343.07,2,Regular Customers
14805,15,4,421.1,2,Regular Customers
14806,75,1,109.39,0,At-Risk Customers
14808,40,8,2169.32,1,High-Value Customers
14810,41,11,1418.7,1,High-Value Customers
14813,370,2,113.73,0,At-Risk Customers
14815,37,2,446.40999999999997,2,Regular Customers
14816,197,1,146.85,0,At-Risk Customers
14817,200,2,746.04,0,At-Risk Customers
14818,74,3,523.2,2,Regular Customers
14819,64,2,196.17,0,At-Risk Customers
14820,21,4,430.29,2,Regular Customers
14821,367,1,48.800000000000004,0,At-Risk Customers
14823,180,3,243.28,0,At-Risk Customers
14824,10,4,904.11,2,Regular Customers
14825,4,12,1544.91,1,High-Value Customers
14828,197,3,1975.96,2,Regular Customers
14829,29,4,530.37,2,Regular Customers
14830,53,1,172.02,0,At-Risk Customers
14834,18,6,1543.96,2,Regular Customers
14836,10,3,102.44999999999999,2,Regular Customers
14837,90,4,996.12,2,Regular Customers
14840,268,1,47.85,0,At-Risk Customers
14841,53,6,2276.81,2,Regular Customers
14842,44,4,1486.06,2,Regular Customers
14844,64,4,2417.25,2,Regular Customers
14847,149,1,218.3,0,At-Risk Customers
14849,22,25,5880.35,1,High-Value Customers
14850,312,1,215.95,0,At-Risk Customers
14851,23,2,371.13,2,Regular Customers
14852,58,6,2057.44,2,Regular Customers
14853,24,2,475.8,2,Regular Customers
14854,78,7,1956.98,2,Regular Customers
14855,119,2,267.05,0,At-Risk Customers
14856,36,3,710.17,2,Regular Customers
14857,60,2,687.37,2,Regular Customers
14859,13,4,791.02,2,Regular Customers
14860,19,1,165.64,0,At-Risk Customers
14861,52,1,125.79,0,At-Risk Customers
14862,26,2,694.6,2,Regular Customers
14863,29,1,167.16,0,At-Risk Customers
14865,7,2,52.2,2,Regular Customers
14866,11,12,14359.5,1,High-Value Customers
14867,186,3,612.1800000000001,0,At-Risk Customers
14868,3,8,1879.29,1,High-Value Customers
14869,9,2,534.83,2,Regular Customers
14870,262,1,297.25,0,At-Risk Customers
14871,3,4,369.06,2,Regular Customers
14873,210,1,393.28,0,At-Risk Customers
14875,108,2,1239.1200000000001,2,Regular Customers
14878,13,9,1343.8,1,High-Value Customers
14880,77,3,417.4,2,Regular Customers
14881,20,1,205.48,0,At-Risk Customers
14882,27,2,477.20000000000005,2,Regular Customers
14883,19,6,598.93,2,Regular Customers
14885,132,1,604.52,0,At-Risk Customers
14886,253,1,238.2,0,At-Risk Customers
14887,79,1,430.0,0,At-Risk Customers
14888,207,1,179.5,0,At-Risk Customers
14889,336,1,98.25,0,At-Risk Customers
14890,254,1,107.95,0,At-Risk Customers
14891,148,2,269.32,0,At-Risk Customers
14893,10,2,758.98,2,Regular Customers
14894,85,1,526.29,0,At-Risk Customers
14895,8,20,7381.32,1,High-Value Customers
14896,205,2,399.22,0,At-Risk Customers
14897,8,4,735.26,2,Regular Customers
14898,23,6,1097.79,2,Regular Customers
14901,11,9,1344.26,1,High-Value Customers
14902,26,1,227.84,0,At-Risk Customers
14903,21,5,1921.54,2,Regular Customers
14904,2,2,809.22,2,Regular Customers
14905,158,2,519.55,0,At-Risk Customers
14907,3,7,2330.8,1,High-Value Customers
14908,74,1,267.6,0,At-Risk Customers
14910,3,4,378.92,2,Regular Customers
14911,1,201,104034.4,1,High-Value Customers
14912,17,2,757.4499999999999,2,Regular Customers
14913,36,4,905.05,2,Regular Customers
14915,91,2,269.8,0,At-Risk Customers
14916,71,4,705.79,2,Regular Customers
14918,116,2,968.73,2,Regular Customers
14920,213,2,643.87,0,At-Risk Customers
14921,30,2,660.3100000000001,2,Regular Customers
14923,51,1,547.47,0,At-Risk Customers
14924,246,1,310.05,0,At-Risk Customers
14929,32,1,191.48,0,At-Risk Customers
14930,109,3,1279.32,2,Regular Customers
14931,5,5,1117.28,2,Regular Customers
14932,366,1,224.43,0,At-Risk Customers
14934,82,2,1429.06,2,Regular Customers
14935,297,1,1126.27,0,At-Risk Customers
14936,34,8,4500.99,1,High-Value Customers
14937,57,3,1100.96,2,Regular Customers
14944,30,12,4270.42,1,High-Value Customers
14946,14,1,67.7,0,At-Risk Customers
14947,72,2,237.57,0,At-Risk Customers
14948,23,6,764.54,2,Regular Customers
14950,19,1,228.44,0,At-Risk Customers
14951,79,1,231.71,0,At-Risk Customers
14952,60,11,5707.07,1,High-Value Customers
14953,25,1,212.7,0,At-Risk Customers
14954,12,1,194.9,2,Regular Customers
14957,253,1,48.739999999999995,0,At-Risk Customers
14958,147,3,408.63,0,At-Risk Customers
14959,64,4,547.5,2,Regular Customers
14960,8,2,195.09,2,Regular Customers
14961,11,9,4779.29,1,High-Value Customers
14962,271,1,126.7,0,At-Risk Customers
14963,10,5,1242.59,2,Regular Customers
14964,247,1,206.21,0,At-Risk Customers
14965,96,2,379.3,0,At-Risk Customers
14966,15,1,152.73,0,At-Risk Customers
14967,50,1,448.8,0,At-Risk Customers
14968,30,1,122.24,0,At-Risk Customers
14970,68,4,443.53,2,Regular Customers
14971,35,3,794.18,2,Regular Customers
14972,128,1,88.62,0,At-Risk Customers
14973,107,3,1186.65,2,Regular Customers
14974,37,1,79.59,0,At-Risk Customers
14975,57,1,279.94,0,At-Risk Customers
14976,57,7,723.0600000000001,2,Regular Customers
14978,72,5,1068.42,2,Regular Customers
14981,246,1,62.16,0,At-Risk Customers
14984,19,2,126.87,0,At-Risk Customers
14985,198,2,212.36,0,At-Risk Customers
14987,16,2,163.2,2,Regular Customers
14988,212,1,256.74,0,At-Risk Customers
14995,39,2,158.36,0,At-Risk Customers
14997,46,3,466.52,2,Regular Customers
14998,170,2,366.59999999999997,0,At-Risk Customers
15000,48,1,226.66,0,At-Risk Customers
15002,116,4,1389.6100000000001,2,Regular Customers
15004,147,1,854.71,0,At-Risk Customers
15005,16,28,4253.06,1,High-Value Customers
15006,51,1,283.16,0,At-Risk Customers
15007,159,1,95.71000000000001,0,At-Risk Customers
15009,12,3,990.85,2,Regular Customers
15010,36,1,231.24,0,At-Risk Customers
15012,54,2,232.74,0,At-Risk Customers
15014,43,2,203.95999999999998,0,At-Risk Customers
15016,173,1,162.09,0,At-Risk Customers
15017,34,1,99.42999999999999,0,At-Risk Customers
15018,39,3,454.04,2,Regular Customers
15019,267,1,182.47,0,At-Risk Customers
15021,9,9,1415.77,1,High-Value Customers
15022,12,4,606.07,2,Regular Customers
15023,3,11,4486.3,1,High-Value Customers
15024,10,10,1265.48,1,High-Value Customers
15025,33,1,242.38,0,At-Risk Customers
15026,80,3,382.40000000000003,2,Regular Customers
15027,31,4,876.85,2,Regular Customers
15028,8,4,600.76,2,Regular Customers
15030,72,2,518.28,2,Regular Customers
15031,4,4,517.87,2,Regular Customers
15032,256,3,830.35,0,At-Risk Customers
15033,5,10,1738.04,1,High-Value Customers
15034,16,8,2931.28,1,High-Value Customers
15035,90,1,195.93,0,At-Risk Customers
15036,72,3,297.6,0,At-Risk Customers
15038,59,6,450.81,2,Regular Customers
15039,10,47,14392.69,1,High-Value Customers
15041,170,1,96.15,0,At-Risk Customers
15042,199,1,135.93,0,At-Risk Customers
15043,31,1,179.0,0,At-Risk Customers
15044,19,17,6197.22,1,High-Value Customers
15045,152,2,735.66,0,At-Risk Customers
15046,9,15,4049.06,1,High-Value Customers
15047,270,1,170.02,0,At-Risk Customers
15048,65,4,297.89,2,Regular Customers
15049,274,1,121.17000000000002,0,At-Risk Customers
15050,25,3,1520.8999999999999,2,Regular Customers
15051,23,3,986.38,2,Regular Customers
15052,319,1,167.32999999999998,0,At-Risk Customers
15053,5,3,515.89,2,Regular Customers
15054,12,2,186.42000000000002,2,Regular Customers
15057,275,2,1054.1,0,At-Risk Customers
15058,25,11,1598.68,1,High-Value Customers
15059,41,9,999.99,2,Regular Customers
15060,8,4,200.73,2,Regular Customers
15061,4,48,48969.7,1,High-Value Customers
15062,71,4,598.0600000000001,2,Regular Customers
15063,213,1,370.79999999999995,0,At-Risk Customers
15065,38,4,2196.06,2,Regular Customers
15066,53,1,689.6,0,At-Risk Customers
15067,78,3,1284.46,2,Regular Customers
15068,46,2,425.78,2,Regular Customers
15069,179,1,489.32,0,At-Risk Customers
15070,373,1,106.2,0,At-Risk Customers
15071,94,2,946.37,2,Regular Customers
15073,10,3,680.5600000000001,2,Regular Customers
15074,105,1,338.97,0,At-Risk Customers
15075,78,1,656.91,0,At-Risk Customers
15076,173,1,545.7,0,At-Risk Customers
15078,7,32,4612.37,1,High-Value Customers
15079,213,4,697.61,2,Regular Customers
15081,22,5,459.3,2,Regular Customers
15083,257,1,75.45,0,At-Risk Customers
15087,282,1,188.84,0,At-Risk Customers
15088,21,2,878.8,2,Regular Customers
15089,10,6,1597.48,1,High-Value Customers
15090,308,1,303.32,0,At-Risk Customers
15091,68,1,309.35,0,At-Risk Customers
15092,215,2,312.31,0,At-Risk Customers
15093,18,6,3597.07,1,High-Value Customers
15095,104,4,966.98,2,Regular Customers
15096,43,1,201.69,0,At-Risk Customers
15097,4,1,176.38,2,Regular Customers
15098,182,3,39916.5,1,High-Value Customers
15099,84,1,331.08,0,At-Risk Customers
15100,334,3,876.0,0,At-Risk Customers
15101,9,2,317.53,2,Regular Customers
15103,31,2,587.47,2,Regular Customers
15104,197,2,535.87,0,At-Risk Customers
15105,18,7,1614.29,1,High-Value Customers
15106,18,5,1010.37,2,Regular Customers
15107,311,6,299.6,0,At-Risk Customers
15108,142,4,817.85,2,Regular Customers
15109,246,1,309.5,0,At-Risk Customers
15110,24,4,810.1,2,Regular Customers
15111,29,3,975.33,2,Regular Customers
15113,10,3,2951.13,2,Regular Customers
15114,30,10,1555.6,1,High-Value Customers
15115,18,1,258.89,2,Regular Customers
15116,18,4,1112.69,2,Regular Customers
15117,15,5,942.4,2,Regular Customers
15118,134,1,244.8,0,At-Risk Customers
15119,246,1,249.9,0,At-Risk Customers
15120,134,1,219.22,0,At-Risk Customers
15121,50,2,383.88,2,Regular Customers
15122,114,3,1026.45,2,Regular Customers
15123,7,2,1244.63,2,Regular Customers
15124,23,2,131.26999999999998,0,At-Risk Customers
15125,25,15,8316.68,1,High-Value Customers
15127,66,1,303.33,0,At-Risk Customers
15128,60,4,1042.66,2,Regular Customers
15129,50,11,2963.56,1,High-Value Customers
15130,170,1,181.46,0,At-Risk Customers
15132,18,5,639.08,2,Regular Customers
15133,128,3,909.82,2,Regular Customers
15134,15,8,1206.79,1,High-Value Customers
15135,239,1,64.05,0,At-Risk Customers
15136,3,4,792.0,2,Regular Customers
15139,240,2,137.86,0,At-Risk Customers
15140,52,7,1867.18,2,Regular Customers
15142,46,1,362.78,0,At-Risk Customers
15143,226,1,144.85,0,At-Risk Customers
15144,8,17,3327.78,1,High-Value Customers
15145,4,4,952.41,2,Regular Customers
15146,165,2,736.14,0,At-Risk Customers
15147,240,1,400.5,0,At-Risk Customers
15148,11,1,168.39000000000001,2,Regular Customers
15149,134,1,330.3,0,At-Risk Customers
15150,17,10,3222.67,1,High-Value Customers
15152,10,13,3248.54,1,High-Value Customers
15153,31,1,286.5,0,At-Risk Customers
15154,75,1,124.47,0,At-Risk Customers
15156,1,3,728.27,2,Regular Customers
15157,4,3,925.17,2,Regular Customers
15158,45,1,371.40000000000003,0,At-Risk Customers
15159,2,30,11899.050000000001,1,High-Value Customers
15160,357,1,158.16,0,At-Risk Customers
15163,18,2,300.27,2,Regular Customers
15164,69,3,558.58,2,Regular Customers
15165,373,1,324.95,0,At-Risk Customers
15167,321,1,130.3,0,At-Risk Customers
15168,26,1,106.56,0,At-Risk Customers
15171,331,1,1162.0,0,At-Risk Customers
15172,9,5,982.89,2,Regular Customers
15174,323,1,98.61,0,At-Risk Customers
15175,72,1,132.14,0,At-Risk Customers
15178,260,1,40.5,0,At-Risk Customers
15179,18,5,1475.19,2,Regular Customers
15180,367,1,87.5,0,At-Risk Customers
15181,66,3,642.92,2,Regular Customers
15182,154,2,463.95000000000005,0,At-Risk Customers
15184,29,2,283.98,2,Regular Customers
15185,70,1,209.34,0,At-Risk Customers
15186,14,2,302.21000000000004,2,Regular Customers
15187,2,16,4410.4,1,High-Value Customers
15189,1,41,14412.75,1,High-Value Customers
15192,120,3,810.5,2,Regular Customers
15193,61,1,328.12,0,At-Risk Customers
15194,3,15,5880.89,1,High-Value Customers
15195,3,1,3861.0,2,Regular Customers
15197,11,3,961.07,2,Regular Customers
15198,92,2,193.64,0,At-Risk Customers
15199,59,4,1219.6499999999999,2,Regular Customers
15201,87,5,859.73,2,Regular Customers
15203,26,6,672.84,2,Regular Customers
15204,357,1,316.58,0,At-Risk Customers
15205,85,2,534.4399999999999,0,At-Risk Customers
15206,10,4,157.8,2,Regular Customers
15208,1,5,719.5699999999999,1,High-Value Customers
15210,225,1,300.58,0,At-Risk Customers
15211,60,2,631.71,2,Regular Customers
15212,241,1,86.5,0,At-Risk Customers
15213,319,2,145.65,0,At-Risk Customers
15214,2,8,1285.71,1,High-Value Customers
15215,47,3,483.59000000000003,2,Regular Customers
15216,88,1,96.6,0,At-Risk Customers
15218,11,11,4789.86,1,High-Value Customers
15219,176,1,254.75000000000003,0,At-Risk Customers
15220,52,6,1366.94,2,Regular Customers
15221,366,1,403.25,0,At-Risk Customers
15222,319,1,440.0,0,At-Risk Customers
15223,226,2,755.75,0,At-Risk Customers
15224,358,2,260.28,0,At-Risk Customers
15225,234,1,237.5,0,At-Risk Customers
15226,311,1,93.21,0,At-Risk Customers
15227,37,5,1044.9,2,Regular Customers
15228,66,4,2047.29,2,Regular Customers
15230,239,2,244.20000000000002,0,At-Risk Customers
15232,113,2,210.76,0,At-Risk Customers
15234,277,1,149.3,0,At-Risk Customers
15235,218,12,1605.54,2,Regular Customers
15236,299,1,224.15,0,At-Risk Customers
15237,2,4,832.1,2,Regular Customers
15238,29,3,852.03,2,Regular Customers
15239,10,2,548.05,2,Regular Customers
15240,45,5,1339.07,2,Regular Customers
15241,67,8,1244.88,2,Regular Customers
15243,74,1,208.38,0,At-Risk Customers
15244,65,2,516.61,2,Regular Customers
15245,134,3,1904.49,2,Regular Customers
15246,238,2,330.25,0,At-Risk Customers
15247,122,1,192.79999999999998,0,At-Risk Customers
15249,32,13,4060.1800000000003,1,High-Value Customers
15251,9,11,8223.73,1,High-Value Customers
15252,36,2,417.39,2,Regular Customers
15253,16,5,513.58,2,Regular Customers
15254,127,1,215.92000000000002,0,At-Risk Customers
15255,67,1,550.6,0,At-Risk Customers
15256,149,1,73.25,0,At-Risk Customers
15257,283,1,297.25,0,At-Risk Customers
15258,169,2,427.61,0,At-Risk Customers
15260,100,7,1543.27,2,Regular Customers
15261,135,1,160.42,0,At-Risk Customers
15262,324,1,143.55,0,At-Risk Customers
15263,107,1,109.91,0,At-Risk Customers
15264,64,1,278.24,0,At-Risk Customers
15265,151,2,827.38,0,At-Risk Customers
15266,338,1,103.4,0,At-Risk Customers
15267,22,5,1717.36,2,Regular Customers
15269,24,1,408.8,2,Regular Customers
15270,16,7,2237.89,1,High-Value Customers
15271,7,15,2057.0,1,High-Value Customers
15272,57,2,574.11,2,Regular Customers
15274,4,2,493.15,2,Regular Customers
15275,38,1,442.8,0,At-Risk Customers
15276,66,1,71.92,0,At-Risk Customers
15277,47,1,196.26,0,At-Risk Customers
15279,355,1,227.81,0,At-Risk Customers
15280,172,1,86.75,0,At-Risk Customers
15281,59,9,1647.71,1,High-Value Customers
15286,50,1,240.55,0,At-Risk Customers
15287,22,2,448.56,2,Regular Customers
15288,43,5,1478.91,2,Regular Customers
15289,29,3,666.48,2,Regular Customers
15290,5,18,6677.07,1,High-Value Customers
15291,26,15,3766.21,1,High-Value Customers
15292,201,1,151.74,0,At-Risk Customers
15296,51,6,2105.85,2,Regular Customers
15297,10,3,445.28,2,Regular Customers
15298,2,12,3731.7200000000003,1,High-Value Customers
15299,67,7,4507.01,1,High-Value Customers
15300,64,1,336.84,0,At-Risk Customers
15301,51,12,3666.71,1,High-Value Customers
15303,290,1,394.52,0,At-Risk Customers
15304,61,8,641.3,2,Regular Customers
15306,64,3,921.75,2,Regular Customers
15307,96,1,155.7,0,At-Risk Customers
15308,274,1,247.76999999999998,0,At-Risk Customers
15311,1,91,43569.81,1,High-Value Customers
15312,75,4,715.85,2,Regular Customers
15313,110,1,52.0,0,At-Risk Customers
15314,199,1,262.93,0,At-Risk Customers
15315,64,2,385.94,0,At-Risk Customers
15316,327,1,165.0,0,At-Risk Customers
15318,4,1,165.14000000000001,2,Regular Customers
15319,284,1,115.60000000000001,0,At-Risk Customers
15320,44,1,198.82999999999998,0,At-Risk Customers
15321,71,3,1623.13,2,Regular Customers
15322,86,1,491.62,0,At-Risk Customers
15325,104,1,96.16,0,At-Risk Customers
15326,334,1,170.74,0,At-Risk Customers
15327,53,1,156.55,0,At-Risk Customers
15329,39,3,691.16,2,Regular Customers
15330,32,2,714.96,2,Regular Customers
15332,366,4,1049.96,0,At-Risk Customers
15333,208,1,658.12,0,At-Risk Customers
15334,157,3,262.64,0,At-Risk Customers
15335,54,1,126.99000000000001,0,At-Risk Customers
15339,66,2,378.42,0,At-Risk Customers
15341,81,1,1111.52,2,Regular Customers
15342,130,1,287.34999999999997,0,At-Risk Customers
15343,87,1,277.8,0,At-Risk Customers
15344,1,3,455.64,2,Regular Customers
15345,46,1,282.94,0,At-Risk Customers
15346,333,1,204.87,0,At-Risk Customers
15347,366,1,183.9,0,At-Risk Customers
15348,72,1,70.44,0,At-Risk Customers
15349,158,2,339.42,0,At-Risk Customers
15350,373,1,40.050000000000004,0,At-Risk Customers
15351,12,7,1527.47,1,High-Value Customers
15353,255,2,617.94,0,At-Risk Customers
15355,29,2,158.05,0,At-Risk Customers
15356,31,10,1779.21,1,High-Value Customers
15358,5,22,4951.72,1,High-Value Customers
15360,40,1,304.33,0,At-Risk Customers
15361,362,1,358.92,0,At-Risk Customers
15363,373,1,272.9,0,At-Risk Customers
15364,96,2,766.6300000000001,2,Regular Customers
15365,26,7,1566.48,1,High-Value Customers
15366,75,2,333.08,0,At-Risk Customers
15367,57,4,1197.48,2,Regular Customers
15368,21,1,371.34000000000003,2,Regular Customers
15370,41,7,2097.69,1,High-Value Customers
15372,137,1,1427.04,0,At-Risk Customers
15373,8,12,2145.76,1,High-Value Customers
15374,129,1,168.0,0,At-Risk Customers
15376,40,3,854.1,2,Regular Customers
15379,169,7,2507.66,2,Regular Customers
15380,9,5,1232.66,2,Regular Customers
15381,214,2,527.25,0,At-Risk Customers
15382,15,6,3452.22,1,High-Value Customers
15384,170,2,407.39,0,At-Risk Customers
15385,40,1,271.52,0,At-Risk Customers
15386,186,1,165.57,0,At-Risk Customers
15388,270,1,116.82,0,At-Risk Customers
15389,172,1,500.0,0,At-Risk Customers
15392,5,4,1277.88,2,Regular Customers
15393,16,2,146.06,2,Regular Customers
15394,10,4,1286.64,2,Regular Customers
15395,326,1,79.10000000000001,0,At-Risk Customers
15396,113,1,283.14,0,At-Risk Customers
15397,290,1,94.0,0,At-Risk Customers
15398,16,2,921.57,2,Regular Customers
15399,1,3,559.51,2,Regular Customers
15400,92,5,716.2,2,Regular Customers
15402,149,2,506.02,0,At-Risk Customers
15405,189,1,349.1,0,At-Risk Customers
15406,31,2,394.21000000000004,2,Regular Customers
15407,34,4,744.72,2,Regular Customers
15408,264,1,179.43,0,At-Risk Customers
15410,84,8,2818.28,1,High-Value Customers
15411,26,4,938.51,2,Regular Customers
15412,171,1,178.73,0,At-Risk Customers
15414,10,3,534.39,2,Regular Customers
15415,313,1,304.16,0,At-Risk Customers
15416,65,4,2618.25,2,Regular Customers
15417,85,1,83.80000000000001,0,At-Risk Customers
15419,25,1,135.86,0,At-Risk Customers
15421,59,4,545.36,2,Regular Customers
15422,323,2,97.7,0,At-Risk Customers
15423,38,1,43.5,0,At-Risk Customers
15424,254,2,281.64,0,At-Risk Customers
15426,19,5,1036.39,2,Regular Customers
15427,33,3,956.33,2,Regular Customers
15428,15,1,76.08,0,At-Risk Customers
15429,27,2,288.14,2,Regular Customers
15432,23,1,140.89000000000001,0,At-Risk Customers
15433,214,2,151.57,0,At-Risk Customers
15434,8,5,497.78000000000003,2,Regular Customers
15435,22,1,126.64,0,At-Risk Customers
15436,12,3,636.52,2,Regular Customers
15437,262,1,138.27,0,At-Risk Customers
15438,131,1,138.03,0,At-Risk Customers
15440,55,3,299.3,2,Regular Customers
15442,249,1,297.0,0,At-Risk Customers
15443,2,7,2461.82,1,High-Value Customers
15444,9,2,807.6,2,Regular Customers
15445,264,1,113.5,0,At-Risk Customers
15447,331,1,135.37,0,At-Risk Customers
15448,313,1,259.96999999999997,0,At-Risk Customers
15449,26,3,652.26,2,Regular Customers
15450,30,1,301.88,0,At-Risk Customers
15452,30,3,350.68,2,Regular Customers
15453,2,7,1033.65,1,High-Value Customers
15454,362,1,115.85,0,At-Risk Customers
15456,283,3,306.22,0,At-Risk Customers
15457,262,1,106.8,0,At-Risk Customers
15458,25,1,146.64,0,At-Risk Customers
15460,354,1,140.91,0,At-Risk Customers
15462,94,3,174.6,0,At-Risk Customers
15463,29,1,126.14,0,At-Risk Customers
15464,338,1,592.1800000000001,0,At-Risk Customers
15465,20,18,7064.37,1,High-Value Customers
15466,85,1,260.62,0,At-Risk Customers
15467,9,3,472.28,2,Regular Customers
15468,51,2,282.37,0,At-Risk Customers
15469,50,2,500.8,2,Regular Customers
15471,2,1,381.87,2,Regular Customers
15472,113,1,197.32,0,At-Risk Customers
15473,14,7,1465.2,1,High-Value Customers
15475,77,1,223.70999999999998,0,At-Risk Customers
15478,40,2,1215.7,2,Regular Customers
15480,116,1,629.92,0,At-Risk Customers
15482,16,12,9142.96,1,High-Value Customers
15483,161,4,177.69,0,At-Risk Customers
15484,1,4,2680.4700000000003,1,High-Value Customers
15485,30,3,1483.23,2,Regular Customers
15488,93,1,91.32000000000001,0,At-Risk Customers
15489,23,3,837.08,2,Regular Customers
15491,95,6,2332.94,2,Regular Customers
15492,28,2,451.84,2,Regular Customers
15493,33,5,1160.34,2,Regular Customers
15494,21,2,864.86,2,Regular Customers
15497,18,2,1232.2,2,Regular Customers
15498,3,27,8779.53,1,High-Value Customers
15500,8,4,869.48,2,Regular Customers
15502,16,12,8595.21,1,High-Value Customers
15503,363,1,58.21,0,At-Risk Customers
15504,81,1,29.16,0,At-Risk Customers
15505,53,5,2727.52,2,Regular Customers
15506,23,3,695.85,2,Regular Customers
15507,172,1,381.99,0,At-Risk Customers
15508,189,6,797.78,2,Regular Customers
15510,331,1,250.0,0,At-Risk Customers
15511,12,5,673.86,2,Regular Customers
15512,156,2,106.0,0,At-Risk Customers
15513,33,19,12717.67,1,High-Value Customers
15514,12,11,3598.1400000000003,1,High-Value Customers
15516,45,3,52.730000000000004,0,At-Risk Customers
15517,233,1,245.66,0,At-Risk Customers
15518,64,8,1616.53,2,Regular Customers
15520,2,1,192.3,2,Regular Customers
15521,40,8,2032.55,1,High-Value Customers
15522,33,2,310.04,2,Regular Customers
15523,84,1,399.93,0,At-Risk Customers
15524,25,1,440.0,2,Regular Customers
15525,2,3,549.31,2,Regular Customers
15526,33,2,148.44,0,At-Risk Customers
15527,19,8,1994.72,1,High-Value Customers
15528,254,1,218.47,0,At-Risk Customers
15529,23,11,2542.95,1,High-Value Customers
15530,22,4,1223.97,2,Regular Customers
15531,8,2,1179.48,2,Regular Customers
15532,25,4,1091.4,2,Regular Customers
15533,19,3,710.67,2,Regular Customers
15535,173,4,298.02,0,At-Risk Customers
15537,163,1,86.57000000000001,0,At-Risk Customers
15539,7,1,354.8,2,Regular Customers
15540,11,1,175.95,2,Regular Customers
15541,114,1,31.080000000000002,0,At-Risk Customers
15543,288,1,89.38,0,At-Risk Customers
15544,9,9,1413.51,1,High-Value Customers
15545,54,2,190.55,0,At-Risk Customers
15547,7,14,3840.2599999999998,1,High-Value Customers
15549,77,3,1359.16,2,Regular Customers
15550,4,4,455.81,2,Regular Customers
15551,37,1,313.56,0,At-Risk Customers
15552,217,1,73.42,0,At-Risk Customers
15553,60,1,269.76,0,At-Risk Customers
15554,278,1,143.0,0,At-Risk Customers
15555,12,16,2999.91,1,High-Value Customers
15556,24,1,236.53,0,At-Risk Customers
15557,29,1,433.51,2,Regular Customers
15561,12,4,642.23,2,Regular Customers
15562,352,1,134.55,0,At-Risk Customers
15563,22,4,1083.04,2,Regular Customers
15565,50,2,156.66,0,At-Risk Customers
15567,19,1,180.25,0,At-Risk Customers
15568,3,3,695.37,2,Regular Customers
15569,104,5,1226.1799999999998,2,Regular Customers
15570,7,12,2981.0,1,High-Value Customers
15571,12,4,618.09,2,Regular Customers
15572,5,7,2232.83,1,High-Value Customers
15573,32,2,458.3,2,Regular Customers
15574,178,4,489.86,0,At-Risk Customers
15576,38,1,801.09,2,Regular Customers
15577,151,3,154.14000000000001,0,At-Risk Customers
15578,162,1,123.2,0,At-Risk Customers
15579,69,2,195.85,0,At-Risk Customers
15581,121,13,3530.7200000000003,1,High-Value Customers
15582,25,3,323.57,2,Regular Customers
15584,24,4,533.77,2,Regular Customers
15585,177,1,329.64,0,At-Risk Customers
15587,50,4,913.6800000000001,2,Regular Customers
15589,256,3,385.53000000000003,0,At-Risk Customers
15592,47,1,306.49,0,At-Risk Customers
15593,71,1,199.8,0,At-Risk Customers
15594,16,5,1145.37,2,Regular Customers
15596,101,5,1152.37,2,Regular Customers
15597,35,1,172.71,0,At-Risk Customers
15598,53,1,165.62,0,At-Risk Customers
15599,27,2,498.72,2,Regular Customers
15601,11,14,4140.63,1,High-Value Customers
15602,8,9,1208.77,1,High-Value Customers
15603,79,1,48.480000000000004,0,At-Risk Customers
15604,52,1,148.21,0,At-Risk Customers
15605,36,5,891.03,2,Regular Customers
15606,61,9,2369.66,1,High-Value Customers
15607,337,1,59.04,0,At-Risk Customers
15608,28,4,759.0,2,Regular Customers
15609,184,1,173.83,0,At-Risk Customers
15610,52,1,91.66,0,At-Risk Customers
15611,10,13,1503.01,1,High-Value Customers
15612,36,2,195.15,0,At-Risk Customers
15615,10,23,6934.8,1,High-Value Customers
15618,33,4,544.891,2,Regular Customers
15619,11,1,336.40000000000003,2,Regular Customers
15620,57,3,998.43,2,Regular Customers
15621,4,4,1091.91,2,Regular Customers
15622,43,9,2101.25,1,High-Value Customers
15623,141,1,225.63,0,At-Risk Customers
15624,117,4,466.33000000000004,2,Regular Customers
15625,104,4,964.7099999999999,2,Regular Customers
15626,75,2,468.86,0,At-Risk Customers
15628,5,9,1982.63,1,High-Value Customers
15630,45,2,810.77,2,Regular Customers
15632,16,8,1869.55,1,High-Value Customers
15634,17,1,166.25,0,At-Risk Customers
15636,90,2,609.56,0,At-Risk Customers
15637,53,1,189.65,0,At-Risk Customers
15639,134,1,163.17,0,At-Risk Customers
15640,4,15,9073.97,1,High-Value Customers
15641,105,4,1268.92,2,Regular Customers
15643,192,3,491.35,0,At-Risk Customers
15644,166,4,447.35,0,At-Risk Customers
15645,19,1,489.69,2,Regular Customers
15646,158,3,257.08,0,At-Risk Customers
15648,204,2,567.7,0,At-Risk Customers
15649,336,2,816.0,0,At-Risk Customers
15651,37,3,554.46,2,Regular Customers
15652,91,1,292.08,0,At-Risk Customers
15653,93,2,442.32,0,At-Risk Customers
15654,9,2,779.73,2,Regular Customers
15655,243,1,256.11,0,At-Risk Customers
15656,45,4,601.74,2,Regular Customers
15657,23,1,30.0,0,At-Risk Customers
15658,190,5,721.05,2,Regular Customers
15659,44,1,192.45,0,At-Risk Customers
15660,25,9,1187.32,1,High-Value Customers
15661,317,2,296.6,0,At-Risk Customers
15663,106,1,93.14,0,At-Risk Customers
15664,51,1,236.47,0,At-Risk Customers
15665,168,2,1165.79,2,Regular Customers
15667,40,1,181.08,0,At-Risk Customers
15668,218,1,76.32000000000001,0,At-Risk Customers
15669,40,4,549.84,2,Regular Customers
15670,297,1,119.95,0,At-Risk Customers
15671,19,7,2168.07,1,High-Value Customers
15673,88,4,2102.1,2,Regular Customers
15674,73,5,1631.31,2,Regular Customers
15675,81,3,272.89,0,At-Risk Customers
15676,19,3,2003.58,2,Regular Customers
15677,49,1,475.08,0,At-Risk Customers
15678,53,1,248.70000000000002,0,At-Risk Customers
15679,24,4,558.12,2,Regular Customers
15680,9,3,1013.62,2,Regular Customers
15681,25,5,1256.4,2,Regular Customers
15683,117,1,156.55,0,At-Risk Customers
15687,9,9,2038.1,1,High-Value Customers
15689,120,2,224.1,0,At-Risk Customers
15690,4,2,197.51999999999998,2,Regular Customers
15691,252,1,136.8,0,At-Risk Customers
15692,28,1,126.78,0,At-Risk Customers
15694,1,14,6202.7,1,High-Value Customers
15695,267,2,283.38,0,At-Risk Customers
15696,33,8,1916.43,1,High-Value Customers
15699,18,1,244.55,2,Regular Customers
15700,172,2,380.19,0,At-Risk Customers
15701,2,4,928.13,2,Regular Customers
15703,265,1,211.5,0,At-Risk Customers
15704,140,4,1795.44,2,Regular Customers
15705,201,1,95.4,0,At-Risk Customers
15706,64,4,769.01,2,Regular Customers
15707,35,4,677.01,2,Regular Customers
15708,41,7,2216.29,1,High-Value Customers
15709,284,1,133.25,0,At-Risk Customers
15712,9,5,794.4100000000001,2,Regular Customers
15713,143,2,356.7,0,At-Risk Customers
15714,12,2,280.95,2,Regular Customers
15716,146,4,1021.86,2,Regular Customers
15717,234,1,150.3,0,At-Risk Customers
15719,33,13,3144.11,1,High-Value Customers
15720,24,1,443.14,2,Regular Customers
15721,12,1,318.93,2,Regular Customers
15722,36,5,1849.81,2,Regular Customers
15723,365,1,150.65,0,At-Risk Customers
15724,201,2,207.75,0,At-Risk Customers
15725,15,1,313.74,2,Regular Customers
15727,17,7,3431.4,1,High-Value Customers
15729,213,1,70.0,0,At-Risk Customers
15730,66,3,784.64,2,Regular Customers
15732,212,2,183.62,0,At-Risk Customers
15733,283,1,112.6,0,At-Risk Customers
15734,115,2,1025.05,2,Regular Customers
15737,15,8,856.76,1,High-Value Customers
15738,19,16,4400.05,1,High-Value Customers
15739,66,1,425.32,0,At-Risk Customers
15740,49,1,120.94,0,At-Risk Customers
15743,16,4,588.41,2,Regular Customers
15744,78,1,20.879999999999995,0,At-Risk Customers
15745,19,4,952.14,2,Regular Customers
15746,134,1,140.4,0,At-Risk Customers
15747,13,3,610.73,2,Regular Customers
15748,40,1,130.86,0,At-Risk Customers
15749,235,3,44534.3,1,High-Value Customers
15750,3,8,1623.47,1,High-Value Customers
15752,40,7,1312.47,2,Regular Customers
15753,305,1,79.2,0,At-Risk Customers
15754,51,3,276.77,2,Regular Customers
15755,10,6,1715.52,1,High-Value Customers
15756,61,4,308.31,2,Regular Customers
15757,66,2,502.52,2,Regular Customers
15758,25,1,128.85,0,At-Risk Customers
15759,218,3,253.04,0,At-Risk Customers
15762,65,2,418.37,0,At-Risk Customers
15763,32,2,651.32,2,Regular Customers
15764,88,6,1799.07,2,Regular Customers
15766,64,1,167.57999999999998,0,At-Risk Customers
15768,116,3,501.68,2,Regular Customers
15769,7,26,39737.88,1,High-Value Customers
15773,6,1,628.6,2,Regular Customers
15774,69,1,221.05,0,At-Risk Customers
15775,245,1,59.900000000000006,0,At-Risk Customers
15776,133,1,221.76,0,At-Risk Customers
15777,241,4,1001.51,2,Regular Customers
15780,184,3,388.13,0,At-Risk Customers
15781,25,3,300.46,2,Regular Customers
15782,10,3,1840.78,2,Regular Customers
15783,11,1,201.3,2,Regular Customers
15785,33,5,2029.15,2,Regular Customers
15786,46,3,1705.51,2,Regular Customers
15787,26,3,638.63,2,Regular Customers
15789,358,1,197.38,0,At-Risk Customers
15790,10,1,177.3,2,Regular Customers
15791,44,2,1221.39,2,Regular Customers
15793,15,3,965.61,2,Regular Customers
15795,150,1,270.11,0,At-Risk Customers
15796,1,8,1915.46,1,High-Value Customers
15797,113,4,1962.6,2,Regular Customers
15799,76,3,736.79,2,Regular Customers
15800,107,2,496.77,0,At-Risk Customers
15801,46,3,641.79,2,Regular Customers
15802,143,1,451.42,0,At-Risk Customers
15803,51,1,381.82000000000005,0,At-Risk Customers
15804,1,13,2931.64,1,High-Value Customers
15805,23,17,3211.7200000000003,1,High-Value Customers
15806,46,3,723.02,2,Regular Customers
15807,50,3,442.14,2,Regular Customers
15808,306,4,2824.4700000000003,2,Regular Customers
15809,36,5,472.57,2,Regular Customers
15810,79,4,740.4300000000001,2,Regular Customers
15811,22,6,1561.13,2,Regular Customers
15812,107,5,1545.54,2,Regular Customers
15813,208,2,972.11,0,At-Risk Customers
15814,17,4,1727.55,2,Regular Customers
15815,64,5,1410.7,2,Regular Customers
15819,49,4,987.14,2,Regular Customers
15820,320,1,206.98,0,At-Risk Customers
15821,44,2,479.11,2,Regular Customers
15822,3,2,772.0699999999999,2,Regular Customers
15823,372,1,15.0,0,At-Risk Customers
15825,172,1,465.92,0,At-Risk Customers
15826,56,3,1259.49,2,Regular Customers
15827,73,14,1414.89,1,High-Value Customers
15829,99,2,465.8,0,At-Risk Customers
15830,38,1,351.98,0,At-Risk Customers
15831,58,3,613.08,2,Regular Customers
15832,254,1,379.61,0,At-Risk Customers
15834,70,4,1359.06,2,Regular Customers
15835,44,4,626.89,2,Regular Customers
15836,50,1,114.67,0,At-Risk Customers
15837,65,1,343.04,0,At-Risk Customers
15838,11,19,26510.76,1,High-Value Customers
15839,33,3,620.48,2,Regular Customers
15840,59,2,264.55,0,At-Risk Customers
15841,73,4,927.44,2,Regular Customers
15843,304,1,75.75,0,At-Risk Customers
15844,46,1,59.339999999999996,0,At-Risk Customers
15845,18,8,2697.86,1,High-Value Customers
15847,38,2,309.96999999999997,2,Regular Customers
15850,19,2,164.3,2,Regular Customers
15852,187,2,117.82,0,At-Risk Customers
15853,52,1,69.7,0,At-Risk Customers
15854,4,12,2355.9300000000003,1,High-Value Customers
15855,137,5,531.66,2,Regular Customers
15856,4,27,12865.83,1,High-Value Customers
15857,19,1,165.89999999999998,0,At-Risk Customers
15858,16,5,999.21,2,Regular Customers
15860,41,8,761.99,2,Regular Customers
15861,12,8,1800.04,1,High-Value Customers
15862,8,4,645.82,2,Regular Customers
15863,26,2,56.08,0,At-Risk Customers
15864,22,6,1621.14,2,Regular Customers
15865,41,3,693.09,2,Regular Customers
15866,101,1,121.41,0,At-Risk Customers
15867,5,15,2176.51,1,High-Value Customers
15869,277,2,142.14,0,At-Risk Customers
15870,33,1,216.8,0,At-Risk Customers
15872,15,2,169.37,2,Regular Customers
15874,64,7,3354.03,1,High-Value Customers
15877,2,2,375.87,2,Regular Customers
15880,369,1,186.06,0,At-Risk Customers
15881,312,5,481.29,0,At-Risk Customers
15882,199,4,367.5,0,At-Risk Customers
15883,2,2,303.32,2,Regular Customers
15885,93,3,254.45,0,At-Risk Customers
15886,60,1,181.09,0,At-Risk Customers
15888,81,1,154.79000000000002,0,At-Risk Customers
15889,157,2,338.42,0,At-Risk Customers
15891,227,1,369.28,0,At-Risk Customers
15894,253,2,204.07999999999998,0,At-Risk Customers
15895,150,1,175.42,0,At-Risk Customers
15897,194,2,202.76000000000002,0,At-Risk Customers
15898,1,5,1129.6100000000001,1,High-Value Customers
15899,369,1,56.25,0,At-Risk Customers
15900,24,1,203.99,0,At-Risk Customers
15901,17,3,273.31,2,Regular Customers
15903,10,7,2722.2000000000003,1,High-Value Customers
15904,8,1,129.15,2,Regular Customers
15906,20,7,1309.3600000000001,1,High-Value Customers
15907,4,3,553.89,2,Regular Customers
15909,174,1,91.13999999999999,0,At-Risk Customers
15910,1,8,956.37,1,High-Value Customers
15912,178,2,247.4,0,At-Risk Customers
15916,16,8,1223.77,1,High-Value Customers
15917,248,1,112.9,0,At-Risk Customers
15918,191,2,254.32999999999998,0,At-Risk Customers
15919,20,2,286.62,2,Regular Customers
15920,154,4,129.95,0,At-Risk Customers
15921,173,1,323.03000000000003,0,At-Risk Customers
15922,373,1,304.1,0,At-Risk Customers
15923,373,1,115.98,0,At-Risk Customers
15925,194,1,185.35,0,At-Risk Customers
15930,67,1,258.13,0,At-Risk Customers
15932,4,8,2098.05,1,High-Value Customers
15933,21,3,777.49,2,Regular Customers
15935,239,2,361.65999999999997,0,At-Risk Customers
15937,64,1,85.95,0,At-Risk Customers
15938,112,5,359.58,2,Regular Customers
15939,90,15,5790.89,1,High-Value Customers
15940,311,1,35.8,0,At-Risk Customers
15942,134,1,286.68,0,At-Risk Customers
15944,277,1,289.7,0,At-Risk Customers
15945,365,1,181.0,0,At-Risk Customers
15947,83,1,734.08,0,At-Risk Customers
15948,8,2,459.34000000000003,2,Regular Customers
15949,17,2,243.62,2,Regular Customers
15950,32,4,1057.39,2,Regular Customers
15951,9,2,554.3,2,Regular Customers
15952,34,4,627.76,2,Regular Customers
15953,15,8,1399.4299999999998,1,High-Value Customers
15955,24,14,3222.9,1,High-Value Customers
15957,32,1,373.83,0,At-Risk Customers
15958,74,1,96.1,0,At-Risk Customers
15963,20,2,380.91,2,Regular Customers
15965,17,4,688.01,2,Regular Customers
15967,23,2,312.62,2,Regular Customers
15969,3,3,550.4,2,Regular Customers
15970,304,1,98.7,0,At-Risk Customers
15971,18,12,3896.75,1,High-Value Customers
15973,367,1,307.82000000000005,0,At-Risk Customers
15974,39,7,2448.58,1,High-Value Customers
15975,84,1,225.45,0,At-Risk Customers
15976,165,2,302.76,0,At-Risk Customers
15977,17,2,606.07,2,Regular Customers
15978,77,1,780.44,0,At-Risk Customers
15980,89,3,1944.81,2,Regular Customers
15981,25,8,1496.58,1,High-Value Customers
15983,22,4,1271.04,2,Regular Customers
15984,3,10,2375.61,1,High-Value Customers
15985,123,2,899.42,2,Regular Customers
15986,30,1,99.67999999999999,0,At-Risk Customers
15987,12,7,1250.0,1,High-Value Customers
15988,19,1,145.93,0,At-Risk Customers
15990,44,2,567.66,2,Regular Customers
15992,4,1,28.47,0,At-Risk Customers
15993,9,7,2033.75,1,High-Value Customers
15994,55,1,365.82,0,At-Risk Customers
15996,88,6,811.23,2,Regular Customers
15998,37,5,1620.77,2,Regular Customers
16000,3,3,10682.5,1,High-Value Customers
16003,30,5,1969.63,2,Regular Customers
16005,12,4,384.11,2,Regular Customers
16006,211,1,101.4,0,At-Risk Customers
16007,48,4,1049.93,2,Regular Customers
16008,24,3,349.78,2,Regular Customers
16009,22,4,687.41,2,Regular Customers
16010,246,3,324.4,0,At-Risk Customers
16011,8,16,2441.16,1,High-Value Customers
16012,35,3,1107.51,2,Regular Customers
16013,4,47,36512.2,1,High-Value Customers
16014,38,3,402.36,2,Regular Customers
16015,4,3,482.98,2,Regular Customers
16016,3,8,1078.0,1,High-Value Customers
16017,47,1,158.16,0,At-Risk Customers
16018,39,2,397.0,2,Regular Customers
16019,47,9,2876.69,1,High-Value Customers
16020,17,3,674.03,2,Regular Customers
16022,260,1,443.43,0,At-Risk Customers
16023,46,3,481.1,2,Regular Customers
16024,12,1,172.39,2,Regular Customers
16025,30,1,295.3,0,At-Risk Customers
16026,43,1,172.54,0,At-Risk Customers
16027,92,6,919.87,2,Regular Customers
16029,39,63,67534.04,1,High-Value Customers
16030,310,1,259.84,0,At-Risk Customers
16031,92,2,370.81,0,At-Risk Customers
16033,6,20,6071.43,1,High-Value Customers
16034,196,3,371.55,0,At-Risk Customers
16036,87,2,380.78999999999996,0,At-Risk Customers
16037,270,3,649.82,0,At-Risk Customers
16038,8,3,363.68,2,Regular Customers
16040,65,3,1036.8,2,Regular Customers
16041,31,3,3166.4,2,Regular Customers
16042,22,5,712.29,2,Regular Customers
16043,38,4,561.44,2,Regular Customers
16045,120,4,811.9,2,Regular Customers
16048,373,2,87.84,0,At-Risk Customers
16049,40,3,666.61,2,Regular Customers
16050,174,1,137.9,0,At-Risk Customers
16052,54,1,306.86,0,At-Risk Customers
16053,33,2,796.5,2,Regular Customers
16054,145,1,438.61,0,At-Risk Customers
16055,221,1,134.8,0,At-Risk Customers
16056,45,1,484.42,0,At-Risk Customers
16057,16,7,1570.13,1,High-Value Customers
16059,66,6,1004.91,2,Regular Customers
16062,10,4,834.17,2,Regular Customers
16063,260,1,195.23,0,At-Risk Customers
16065,365,1,253.89,0,At-Risk Customers
16066,17,5,1288.2,2,Regular Customers
16070,22,2,537.74,2,Regular Customers
16071,45,1,221.44,0,At-Risk Customers
16072,288,1,418.47,0,At-Risk Customers
16073,297,1,122.39999999999999,0,At-Risk Customers
16076,3,10,1614.3700000000001,1,High-Value Customers
16078,284,1,79.2,0,At-Risk Customers
16079,17,3,1224.5,2,Regular Customers
16080,82,2,182.76,0,At-Risk Customers
16081,56,5,1934.71,2,Regular Customers
16083,101,2,918.9399999999999,2,Regular Customers
16084,299,1,342.72999999999996,0,At-Risk Customers
16085,23,5,729.06,2,Regular Customers
16086,59,5,1023.19,2,Regular Customers
16091,155,2,216.36,0,At-Risk Customers
16092,115,3,485.66,0,At-Risk Customers
16093,107,1,17.0,0,At-Risk Customers
16094,12,4,815.13,2,Regular Customers
16096,264,1,275.38,0,At-Risk Customers
16097,240,1,100.25,0,At-Risk Customers
16098,88,7,1821.81,2,Regular Customers
16099,50,3,405.0,2,Regular Customers
16101,71,1,500.29,0,At-Risk Customers
16102,42,3,1543.78,2,Regular Customers
16103,7,6,1039.64,1,High-Value Customers
16104,62,1,202.93,0,At-Risk Customers
16105,249,1,290.46,0,At-Risk Customers
16106,66,1,108.38,0,At-Risk Customers
16107,18,7,2933.86,1,High-Value Customers
16108,85,1,451.68,0,At-Risk Customers
16109,219,2,501.47999999999996,0,At-Risk Customers
16110,45,3,737.81,2,Regular Customers
16112,143,4,146.89999999999998,0,At-Risk Customers
16113,183,1,145.13,0,At-Risk Customers
16114,171,1,64.95,0,At-Risk Customers
16115,10,8,1205.48,1,High-Value Customers
16116,212,1,476.46,0,At-Risk Customers
16117,190,1,207.46,0,At-Risk Customers
16119,8,2,341.46000000000004,2,Regular Customers
16120,59,4,1129.74,2,Regular Customers
16121,57,2,536.33,2,Regular Customers
16122,73,4,580.5,2,Regular Customers
16123,52,1,237.73,0,At-Risk Customers
16124,317,1,135.4,0,At-Risk Customers
16125,367,1,234.75,0,At-Risk Customers
16126,29,4,4366.93,2,Regular Customers
16127,39,1,385.41,0,At-Risk Customers
16128,18,5,1289.56,2,Regular Customers
16131,52,6,2671.86,2,Regular Customers
16133,4,33,12693.6,1,High-Value Customers
16134,22,2,395.55,2,Regular Customers
16135,263,1,398.75,0,At-Risk Customers
16136,60,3,537.2,2,Regular Customers
16139,19,3,480.01,2,Regular Customers
16140,66,2,566.3,2,Regular Customers
16141,88,1,449.28000000000003,0,At-Risk Customers
16142,250,1,297.3,0,At-Risk Customers
16143,3,6,1878.48,1,High-Value Customers
16144,247,1,175.2,0,At-Risk Customers
16145,9,11,2733.56,1,High-Value Customers
16146,157,3,592.77,0,At-Risk Customers
16147,134,1,231.96,0,At-Risk Customers
16148,296,1,76.32000000000001,0,At-Risk Customers
16149,5,2,230.12,2,Regular Customers
16150,43,5,1572.65,2,Regular Customers
16152,269,1,1611.64,0,At-Risk Customers
16153,50,5,1312.76,2,Regular Customers
16156,9,9,2420.8,1,High-Value Customers
16157,16,3,626.99,2,Regular Customers
16159,282,1,181.6,0,At-Risk Customers
16160,65,2,618.64,2,Regular Customers
16161,2,19,3330.04,1,High-Value Customers
16162,252,1,37.4,0,At-Risk Customers
16163,232,2,840.25,0,At-Risk Customers
16164,17,3,709.44,2,Regular Customers
16168,11,27,3288.15,1,High-Value Customers
16169,8,4,1199.73,2,Regular Customers
16170,51,6,1342.31,2,Regular Customers
16171,59,1,48.3,0,At-Risk Customers
16172,95,5,891.91,2,Regular Customers
16173,16,6,1014.27,2,Regular Customers
16174,126,3,836.2,2,Regular Customers
16175,94,4,668.08,2,Regular Customers
16177,50,1,282.05,0,At-Risk Customers
16178,138,1,183.15,0,At-Risk Customers
16179,61,1,195.03,0,At-Risk Customers
16180,100,8,2932.23,1,High-Value Customers
16181,73,1,305.54,0,At-Risk Customers
16182,72,4,3280.85,2,Regular Customers
16183,67,1,238.32000000000002,0,At-Risk Customers
16184,64,6,848.98,2,Regular Customers
16185,17,2,434.31,2,Regular Customers
16186,23,12,2814.89,1,High-Value Customers
16187,32,15,5047.16,1,High-Value Customers
16188,45,4,691.64,2,Regular Customers
16189,16,2,165.73,2,Regular Customers
16190,40,1,215.08,0,At-Risk Customers
16191,3,13,3864.36,1,High-Value Customers
16193,237,1,261.65,0,At-Risk Customers
16198,75,1,228.181,0,At-Risk Customers
16200,4,2,746.23,2,Regular Customers
16201,3,4,890.77,2,Regular Customers
16202,361,1,320.27,0,At-Risk Customers
16203,59,4,292.9,2,Regular Customers
16204,23,1,270.87,0,At-Risk Customers
16205,31,4,542.74,2,Regular Customers
16206,55,4,428.18,2,Regular Customers
16207,25,1,348.04,2,Regular Customers
16208,45,2,559.59,2,Regular Customers
16209,89,5,2044.5200000000002,2,Regular Customers
16210,2,18,20239.420000000002,1,High-Value Customers
16211,89,1,442.84,0,At-Risk Customers
16212,19,2,491.29,2,Regular Customers
16213,79,1,159.0,0,At-Risk Customers
16214,171,3,715.2,0,At-Risk Customers
16215,81,1,173.05,0,At-Risk Customers
16216,267,1,769.1800000000001,0,At-Risk Customers
16217,235,2,304.25,0,At-Risk Customers
16218,30,7,2002.32,1,High-Value Customers
16221,37,3,716.76,2,Regular Customers
16222,318,1,403.16,0,At-Risk Customers
16224,57,4,944.0600000000001,2,Regular Customers
16225,45,5,762.89,2,Regular Customers
16226,203,3,207.42000000000002,0,At-Risk Customers
16227,225,1,314.22,0,At-Risk Customers
16229,87,2,630.22,2,Regular Customers
16230,190,2,324.13,0,At-Risk Customers
16232,44,4,691.79,2,Regular Customers
16233,71,3,320.62,2,Regular Customers
16235,41,5,749.81,2,Regular Customers
16236,78,1,277.46000000000004,0,At-Risk Customers
16239,57,2,324.5,0,At-Risk Customers
16240,24,2,2595.29,2,Regular Customers
16241,10,13,1488.79,1,High-Value Customers
16242,8,7,2182.01,1,High-Value Customers
16243,34,2,334.85,2,Regular Customers
16244,212,2,866.5,0,At-Risk Customers
16245,24,3,960.8100000000001,2,Regular Customers
16247,170,1,113.11,0,At-Risk Customers
16248,62,1,77.82000000000001,0,At-Risk Customers
16249,53,5,1460.8600000000001,2,Regular Customers
16250,261,2,303.94,0,At-Risk Customers
16253,67,2,2506.58,2,Regular Customers
16255,17,8,2115.36,1,High-Value Customers
16256,267,1,327.87,0,At-Risk Customers
16257,177,1,46.95,0,At-Risk Customers
16258,45,5,3050.1800000000003,2,Regular Customers
16260,51,1,732.25,2,Regular Customers
16261,17,4,532.84,2,Regular Customers
16265,9,9,3660.95,1,High-Value Customers
16266,74,7,720.34,2,Regular Customers
16268,71,2,447.1,0,At-Risk Customers
16270,353,1,545.8,0,At-Risk Customers
16271,3,5,938.71,1,High-Value Customers
16272,117,1,73.6,0,At-Risk Customers
16274,373,1,224.62,0,At-Risk Customers
16275,197,1,447.43,0,At-Risk Customers
16276,177,1,780.6000000000001,0,At-Risk Customers
16278,100,1,410.74,0,At-Risk Customers
16279,21,3,964.59,2,Regular Customers
16281,72,1,969.58,2,Regular Customers
16282,340,1,168.3,0,At-Risk Customers
16283,6,5,1077.12,2,Regular Customers
16284,31,2,614.23,2,Regular Customers
16287,170,1,100.95,0,At-Risk Customers
16292,122,1,213.53,0,At-Risk Customers
16293,22,10,1680.39,1,High-Value Customers
16295,10,4,940.8,2,Regular Customers
16297,269,1,255.05,0,At-Risk Customers
16298,23,3,510.6,2,Regular Customers
16302,127,1,203.22,0,At-Risk Customers
16303,26,3,2624.83,2,Regular Customers
16305,139,1,101.56,0,At-Risk Customers
16306,214,6,449.07,2,Regular Customers
16308,38,4,2560.0,2,Regular Customers
16309,106,2,538.47,0,At-Risk Customers
16311,18,2,504.0,2,Regular Customers
16313,3,2,221.05,2,Regular Customers
16315,331,1,195.85,0,At-Risk Customers
16316,64,8,2112.76,1,High-Value Customers
16317,120,3,1079.65,2,Regular Customers
16318,35,1,251.9,0,At-Risk Customers
16319,218,1,261.6,0,At-Risk Customers
16320,172,2,624.62,0,At-Risk Customers
16321,72,5,355.95,2,Regular Customers
16322,1,2,237.75,2,Regular Customers
16323,196,1,207.50000000000003,0,At-Risk Customers
16324,128,3,306.89,0,At-Risk Customers
16325,47,3,541.14,2,Regular Customers
16326,6,14,1735.67,1,High-Value Customers
16327,14,6,2868.93,1,High-Value Customers
16330,18,3,235.71,2,Regular Customers
16332,28,7,1179.51,2,Regular Customers
16333,8,22,26626.8,1,High-Value Customers
16337,37,1,140.85,0,At-Risk Customers
16338,157,1,204.9,0,At-Risk Customers
16339,284,1,30.9,0,At-Risk Customers
16340,107,1,359.49,0,At-Risk Customers
16341,25,4,1481.47,2,Regular Customers
16342,75,4,322.41,2,Regular Customers
16343,16,2,286.25,2,Regular Customers
16344,158,1,101.10000000000001,0,At-Risk Customers
16345,44,1,416.99,0,At-Risk Customers
16347,11,2,670.88,2,Regular Customers
16348,32,7,1043.77,2,Regular Customers
16349,291,1,53.5,0,At-Risk Customers
16350,21,4,792.47,2,Regular Customers
16351,333,1,81.9,0,At-Risk Customers
16352,18,2,385.18,2,Regular Customers
16353,4,23,6417.71,1,High-Value Customers
16354,63,2,320.55,0,At-Risk Customers
16356,198,3,167.37,0,At-Risk Customers
16357,33,3,510.58,2,Regular Customers
16358,1,4,1267.9,1,High-Value Customers
16359,7,9,1436.77,1,High-Value Customers
16360,5,6,2066.71,1,High-Value Customers
16361,10,4,695.41,2,Regular Customers
16362,32,5,619.48,2,Regular Customers
16363,53,1,94.36000000000001,0,At-Risk Customers
16364,12,2,624.44,2,Regular Customers
16365,18,9,1473.47,1,High-Value Customers
16366,19,1,219.6,0,At-Risk Customers
16367,37,2,487.61,2,Regular Customers
16368,2,2,352.83000000000004,2,Regular Customers
16369,18,3,1325.02,2,Regular Customers
16370,82,4,852.45,2,Regular Customers
16372,33,2,219.55,0,At-Risk Customers
16374,66,2,333.55,0,At-Risk Customers
16376,9,2,771.86,2,Regular Customers
16377,267,1,676.2,0,At-Risk Customers
16378,247,3,269.35,0,At-Risk Customers
16379,4,4,1324.6200000000001,2,Regular Customers
16380,61,1,1685.74,2,Regular Customers
16383,75,2,418.76,0,At-Risk Customers
16384,90,2,354.9,0,At-Risk Customers
16385,60,3,456.63,2,Regular Customers
16386,29,2,224.61,2,Regular Customers
16387,323,1,94.36,0,At-Risk Customers
16389,53,4,1112.67,2,Regular Customers
16392,270,1,191.89,0,At-Risk Customers
16393,2,13,2216.89,1,High-Value Customers
16394,57,5,996.91,2,Regular Customers
16395,61,5,1022.08,2,Regular Customers
16398,154,2,1081.49,2,Regular Customers
16399,19,2,307.55,2,Regular Customers
16400,95,1,299.73,0,At-Risk Customers
16401,1,12,2551.24,1,High-Value Customers
16402,265,2,208.8,0,At-Risk Customers
16403,312,1,122.0,0,At-Risk Customers
16404,70,1,323.65,0,At-Risk Customers
16405,302,2,167.25,0,At-Risk Customers
16406,19,1,107.98,0,At-Risk Customers
16407,13,10,1659.61,1,High-Value Customers
16409,36,5,1334.8,2,Regular Customers
16411,19,2,169.65,2,Regular Customers
16412,54,1,105.34,0,At-Risk Customers
16413,57,1,224.1,0,At-Risk Customers
16414,22,2,126.25,0,At-Risk Customers
16415,44,1,129.13,0,At-Risk Customers
16416,27,3,950.37,2,Regular Customers
16418,45,3,493.07,2,Regular Customers
16419,113,6,958.71,2,Regular Customers
16422,17,51,31433.16,1,High-Value Customers
16423,25,1,234.88,0,At-Risk Customers
16424,191,1,133.56,0,At-Risk Customers
16425,302,1,167.5,0,At-Risk Customers
16426,2,10,1046.89,1,High-Value Customers
16427,263,2,203.56,0,At-Risk Customers
16429,106,1,284.55,0,At-Risk Customers
16430,57,1,300.85,0,At-Risk Customers
16431,213,3,454.46,0,At-Risk Customers
16432,64,1,287.4,0,At-Risk Customers
16433,28,1,162.72,0,At-Risk Customers
16434,29,7,1198.0,2,Regular Customers
16438,6,5,598.7,2,Regular Customers
16440,8,5,2593.97,1,High-Value Customers
16441,67,2,365.9,0,At-Risk Customers
16442,2,3,377.95,2,Regular Customers
16444,46,4,581.54,2,Regular Customers
16445,34,1,142.8,0,At-Risk Customers
16446,1,2,168472.5,1,High-Value Customers
16447,136,1,155.76,0,At-Risk Customers
16448,198,1,155.44,0,At-Risk Customers
16449,198,2,580.19,0,At-Risk Customers
16450,150,1,216.36,0,At-Risk Customers
16451,88,1,183.47000000000003,0,At-Risk Customers
16454,45,2,6.9,0,At-Risk Customers
16455,64,7,895.13,2,Regular Customers
16456,99,5,1035.95,2,Regular Customers
16457,218,1,208.36,0,At-Risk Customers
16458,3,18,1597.8200000000002,1,High-Value Customers
16460,28,3,502.01,2,Regular Customers
16461,178,1,101.17,0,At-Risk Customers
16462,74,3,136.0,0,At-Risk Customers
16463,21,4,952.91,2,Regular Customers
16464,20,3,981.02,2,Regular Customers
16466,34,7,1416.71,2,Regular Customers
16468,74,1,74.9,0,At-Risk Customers
16469,24,4,388.7,2,Regular Customers
16470,52,4,547.42,2,Regular Customers
16471,275,1,134.65,0,At-Risk Customers
16473,165,3,301.11,0,At-Risk Customers
16474,7,7,1326.93,1,High-Value Customers
16475,88,4,426.4,2,Regular Customers
16477,64,7,1460.39,2,Regular Customers
16478,25,3,295.6,2,Regular Customers
16479,10,2,253.88,2,Regular Customers
16480,76,1,615.0,0,At-Risk Customers
16482,16,1,181.53,0,At-Risk Customers
16483,192,1,105.9,0,At-Risk Customers
16484,174,2,315.05,0,At-Risk Customers
16485,77,1,314.03,0,At-Risk Customers
16488,33,3,424.07,2,Regular Customers
16491,47,1,556.1,0,At-Risk Customers
16493,80,4,1105.75,2,Regular Customers
16494,297,1,508.19,0,At-Risk Customers
16495,3,3,564.61,2,Regular Customers
16496,9,3,905.12,2,Regular Customers
16497,50,6,2000.46,2,Regular Customers
16498,161,2,89.72,0,At-Risk Customers
16499,360,2,285.05,0,At-Risk Customers
16500,5,6,400.86,2,Regular Customers
16503,107,4,927.99,2,Regular Customers
16504,25,1,381.19,2,Regular Customers
16505,32,1,627.84,2,Regular Customers
16506,20,2,90.30000000000001,0,At-Risk Customers
16509,297,1,294.3,0,At-Risk Customers
16510,372,1,228.2,0,At-Risk Customers
16511,22,3,622.3100000000001,2,Regular Customers
16513,5,4,598.6600000000001,2,Regular Customers
16515,52,5,1422.17,2,Regular Customers
16516,30,1,84.3,0,At-Risk Customers
16517,277,1,153.79999999999998,0,At-Risk Customers
16518,61,2,445.47,2,Regular Customers
16519,25,2,190.07999999999998,2,Regular Customers
16520,186,3,732.21,0,At-Risk Customers
16523,2,21,4329.17,1,High-Value Customers
16525,2,26,12091.33,1,High-Value Customers
16526,172,1,277.86,0,At-Risk Customers
16527,81,1,143.56,0,At-Risk Customers
16528,4,1,181.17000000000002,2,Regular Customers
16529,190,1,257.8,0,At-Risk Customers
16531,22,7,935.41,2,Regular Customers
16532,18,3,6748.8,1,High-Value Customers
16533,19,3,701.72,2,Regular Customers
16535,5,1,417.42,2,Regular Customers
16536,110,1,425.21,0,At-Risk Customers
16539,3,4,647.51,2,Regular Customers
16542,54,1,119.62,0,At-Risk Customers
16545,165,1,339.3,0,At-Risk Customers
16546,291,2,587.55,0,At-Risk Customers
16549,10,10,2579.37,1,High-Value Customers
16550,109,5,1561.73,2,Regular Customers
16551,96,3,773.28,2,Regular Customers
16552,243,2,296.21000000000004,0,At-Risk Customers
16553,163,12,5315.62,1,High-Value Customers
16554,42,3,675.05,2,Regular Customers
16555,35,2,260.81,2,Regular Customers
16556,67,7,2064.23,2,Regular Customers
16557,24,2,269.35,2,Regular Customers
16558,1,20,5913.58,1,High-Value Customers
16560,27,2,638.19,2,Regular Customers
16561,6,2,403.42,2,Regular Customers
16563,54,1,885.02,2,Regular Customers
16565,364,1,155.85,0,At-Risk Customers
16566,15,5,614.66,2,Regular Customers
16567,194,2,594.99,0,At-Risk Customers
16569,3,1,103.2,2,Regular Customers
16570,15,10,2790.7,1,High-Value Customers
16571,27,3,1008.05,2,Regular Customers
16572,127,3,765.9,2,Regular Customers
16573,85,2,523.03,0,At-Risk Customers
16574,71,1,168.96,0,At-Risk Customers
16581,183,1,67.44,0,At-Risk Customers
16582,113,1,303.12,0,At-Risk Customers
16583,374,1,132.65,0,At-Risk Customers
16584,80,2,630.92,2,Regular Customers
16586,249,1,445.95,0,At-Risk Customers
16587,232,1,210.15,0,At-Risk Customers
16589,71,3,226.47,0,At-Risk Customers
16591,69,1,203.60000000000002,0,At-Risk Customers
16592,4,16,2777.8,1,High-Value Customers
16593,51,3,272.43,2,Regular Customers
16594,75,1,116.19,0,At-Risk Customers
16595,61,1,220.72,0,At-Risk Customers
16596,16,2,215.85,2,Regular Customers
16597,4,1,80.68,2,Regular Customers
16598,286,1,85.5,0,At-Risk Customers
16600,4,6,600.22,2,Regular Customers
16601,41,1,229.55,0,At-Risk Customers
16602,36,1,321.08000000000004,0,At-Risk Customers
16603,75,2,353.5,0,At-Risk Customers
16607,18,14,2773.69,1,High-Value Customers
16609,15,7,3113.41,1,High-Value Customers
16610,219,1,64.26,0,At-Risk Customers
16611,186,1,82.04,0,At-Risk Customers
16612,33,4,697.76,2,Regular Customers
16613,70,1,383.87,0,At-Risk Customers
16614,183,1,299.49,0,At-Risk Customers
16616,15,2,343.03000000000003,2,Regular Customers
16617,236,1,151.85,0,At-Risk Customers
16618,31,5,1652.1200000000001,2,Regular Customers
16619,264,1,196.36,0,At-Risk Customers
16620,4,2,116.56,2,Regular Customers
16621,52,4,748.08,2,Regular Customers
16623,246,1,111.75,0,At-Risk Customers
16624,81,2,677.9599999999999,2,Regular Customers
16625,275,1,216.18,0,At-Risk Customers
16626,1,17,3469.77,1,High-Value Customers
16627,79,1,198.56,0,At-Risk Customers
16628,30,5,1224.18,2,Regular Customers
16629,74,2,317.72,0,At-Risk Customers
16633,17,6,2175.5,1,High-Value Customers
16634,223,2,200.2,0,At-Risk Customers
16637,32,4,795.49,2,Regular Customers
16638,23,10,1329.3700000000001,1,High-Value Customers
16639,31,3,952.9100000000001,2,Regular Customers
16641,106,1,131.98000000000002,0,At-Risk Customers
16642,5,2,568.33,2,Regular Customers
16643,246,1,371.6,0,At-Risk Customers
16644,178,2,419.7,0,At-Risk Customers
16647,170,2,183.16,0,At-Risk Customers
16648,43,1,141.42,0,At-Risk Customers
16650,72,1,340.21999999999997,0,At-Risk Customers
16652,59,7,4937.47,1,High-Value Customers
16653,16,2,689.78,2,Regular Customers
16654,141,4,530.67,2,Regular Customers
16655,18,6,2449.63,1,High-Value Customers
16656,22,15,8253.44,1,High-Value Customers
16657,10,4,599.48,2,Regular Customers
16658,368,1,123.24,0,At-Risk Customers
16659,189,1,39.12,0,At-Risk Customers
16660,16,4,1109.55,2,Regular Customers
16665,362,1,129.5,0,At-Risk Customers
16666,19,1,42.21,0,At-Risk Customers
16667,68,2,442.73,0,At-Risk Customers
16668,15,6,276.72,2,Regular Customers
16669,24,3,1046.24,2,Regular Customers
16670,17,11,2426.76,1,High-Value Customers
16671,28,3,1692.27,2,Regular Customers
16672,2,20,6608.9400000000005,1,High-Value Customers
16674,55,2,219.91,0,At-Risk Customers
16676,34,4,1230.94,2,Regular Customers
16678,3,12,2532.25,1,High-Value Customers
16679,366,1,129.75,0,At-Risk Customers
16680,43,1,71.9,0,At-Risk Customers
16681,73,6,1511.14,2,Regular Customers
16682,5,5,1007.6,2,Regular Customers
16684,4,28,54425.08,1,High-Value Customers
16685,61,2,190.29,0,At-Risk Customers
16686,47,7,1835.74,2,Regular Customers
16688,1,4,695.62,2,Regular Customers
16689,76,2,387.2,0,At-Risk Customers
16690,72,2,190.54,0,At-Risk Customers
16692,256,2,1276.0,0,At-Risk Customers
16693,69,2,391.75,0,At-Risk Customers
16696,135,4,604.8000000000001,2,Regular Customers
16697,241,1,81.55,0,At-Risk Customers
16698,227,2,1998.0,2,Regular Customers
16700,9,13,3235.4900000000002,1,High-Value Customers
16701,9,13,4681.3,1,High-Value Customers
16705,1,20,11096.19,1,High-Value Customers
16706,37,3,306.14,2,Regular Customers
16708,46,1,512.63,0,At-Risk Customers
16709,85,5,2382.03,2,Regular Customers
16710,19,10,1770.77,1,High-Value Customers
16711,3,5,1507.03,1,High-Value Customers
16712,9,11,2695.46,1,High-Value Customers
16713,19,15,4763.51,1,High-Value Customers
16714,219,3,882.36,0,At-Risk Customers
16715,78,1,256.74,0,At-Risk Customers
16716,267,2,901.2,0,At-Risk Customers
16717,24,6,2706.6,1,High-Value Customers
16718,369,1,447.63,0,At-Risk Customers
16719,15,7,1444.42,1,High-Value Customers
16720,26,1,96.92,0,At-Risk Customers
16721,262,1,218.47,0,At-Risk Customers
16722,17,13,2055.19,1,High-Value Customers
16723,91,2,510.65999999999997,0,At-Risk Customers
16725,302,7,608.27,2,Regular Customers
16726,26,5,915.19,2,Regular Customers
16727,364,1,196.47,0,At-Risk Customers
16728,46,4,744.78,2,Regular Customers
16729,38,21,5490.31,1,High-Value Customers
16730,52,3,516.5699999999999,2,Regular Customers
16732,32,1,423.55,2,Regular Customers
16734,52,3,468.46,2,Regular Customers
16735,79,5,1667.27,2,Regular Customers
16737,53,1,417.59999999999997,0,At-Risk Customers
16738,298,1,3.75,0,At-Risk Customers
16739,177,1,263.6,0,At-Risk Customers
16742,47,1,464.9,0,At-Risk Customers
16743,29,7,1451.83,2,Regular Customers
16744,11,7,940.21,1,High-Value Customers
16745,87,17,4949.04,1,High-Value Customers
16746,5,18,4131.23,1,High-Value Customers
16747,38,2,707.25,2,Regular Customers
16748,18,5,472.6,2,Regular Customers
16750,45,5,472.84,2,Regular Customers
16751,31,1,1672.56,2,Regular Customers
16752,373,1,207.5,0,At-Risk Customers
16753,58,1,154.12,0,At-Risk Customers
16754,372,1,2002.4,0,At-Risk Customers
16755,114,3,1009.51,2,Regular Customers
16756,215,1,204.0,0,At-Risk Customers
16757,319,1,95.19,0,At-Risk Customers
16758,65,1,320.44,0,At-Risk Customers
16759,8,3,551.19,2,Regular Customers
16761,97,1,246.42000000000002,0,At-Risk Customers
16762,20,3,750.77,2,Regular Customers
16763,199,1,292.55,0,At-Risk Customers
16764,4,13,1796.1100000000001,1,High-Value Customers
16765,294,1,34.0,0,At-Risk Customers
16766,273,2,886.4,0,At-Risk Customers
16767,31,11,4329.89,1,High-Value Customers
16768,48,3,413.16,2,Regular Customers
16769,260,1,265.04,0,At-Risk Customers
16770,58,5,465.40000000000003,2,Regular Customers
16771,33,5,1679.72,2,Regular Customers
16773,57,1,110.59,0,At-Risk Customers
16774,68,4,614.77,2,Regular Customers
16775,10,11,1535.91,1,High-Value Customers
16776,60,1,277.14,0,At-Risk Customers
16777,80,2,144.86,0,At-Risk Customers
16778,74,2,232.74,0,At-Risk Customers
16779,2,22,8945.81,1,High-Value Customers
16780,100,2,340.19,0,At-Risk Customers
16781,372,1,222.15,0,At-Risk Customers
16782,10,13,1764.3,1,High-Value Customers
16784,20,1,77.6,0,At-Risk Customers
16788,123,2,261.14,0,At-Risk Customers
16789,8,1,65.0,0,At-Risk Customers
16790,4,6,890.22,1,High-Value Customers
16791,29,7,1190.88,2,Regular Customers
16792,282,2,85.18,0,At-Risk Customers
16793,57,1,221.16,0,At-Risk Customers
16794,1,10,835.39,1,High-Value Customers
16795,365,1,325.3,0,At-Risk Customers
16796,89,1,199.44,0,At-Risk Customers
16800,11,1,668.48,2,Regular Customers
16801,163,4,990.23,2,Regular Customers
16803,65,1,235.77,0,At-Risk Customers
16804,23,3,344.16,2,Regular Customers
16805,174,2,341.79,0,At-Risk Customers
16806,103,4,650.43,2,Regular Customers
16807,143,3,549.53,0,At-Risk Customers
16808,99,2,222.66,0,At-Risk Customers
16809,23,5,326.57,2,Regular Customers
16810,192,1,253.09,0,At-Risk Customers
16811,5,2,417.41,2,Regular Customers
16812,361,1,401.05,0,At-Risk Customers
16813,8,10,1008.79,1,High-Value Customers
16814,14,21,5228.6,1,High-Value Customers
16816,103,4,354.36,2,Regular Customers
16817,3,9,1389.93,1,High-Value Customers
16818,11,11,2423.02,1,High-Value Customers
16820,96,1,353.91,0,At-Risk Customers
16823,227,1,237.63,0,At-Risk Customers
16824,16,2,374.39,2,Regular Customers
16825,39,2,577.1800000000001,2,Regular Customers
16826,51,1,193.65,0,At-Risk Customers
16828,93,2,115.9,0,At-Risk Customers
16829,157,1,167.52,0,At-Risk Customers
16830,39,1,232.71,0,At-Risk Customers
16832,184,3,173.35,0,At-Risk Customers
16833,1,4,852.93,2,Regular Customers
16834,228,1,199.22,0,At-Risk Customers
16835,128,2,102.55000000000001,0,At-Risk Customers
16836,40,2,251.87,0,At-Risk Customers
16837,31,11,2308.22,1,High-Value Customers
16838,197,2,541.0,0,At-Risk Customers
16839,9,34,15461.789999999999,1,High-Value Customers
16841,37,6,1285.12,2,Regular Customers
16842,101,3,804.95,2,Regular Customers
16843,43,16,6309.16,1,High-Value Customers
16846,50,1,129.36,0,At-Risk Customers
16847,43,1,163.44,0,At-Risk Customers
16848,53,1,235.42000000000002,0,At-Risk Customers
16849,187,1,104.67,0,At-Risk Customers
16850,334,1,256.93,0,At-Risk Customers
16851,4,3,308.78999999999996,2,Regular Customers
16852,10,2,144.91000000000003,2,Regular Customers
16855,24,2,253.4,2,Regular Customers
16856,15,1,17.700000000000003,0,At-Risk Customers
16858,369,1,362.19000000000005,0,At-Risk Customers
16859,145,2,479.99,0,At-Risk Customers
16861,60,2,117.36,0,At-Risk Customers
16863,31,2,369.6,2,Regular Customers
16866,141,3,177.89,0,At-Risk Customers
16869,23,4,716.47,2,Regular Customers
16871,22,6,1748.76,2,Regular Customers
16872,77,3,680.02,2,Regular Customers
16873,5,6,5294.9,1,High-Value Customers
16875,67,5,1220.64,2,Regular Customers
16877,12,6,663.55,2,Regular Customers
16878,84,1,13.3,0,At-Risk Customers
16880,31,7,1140.88,2,Regular Customers
16881,67,1,432.0,0,At-Risk Customers
16882,67,3,514.8,2,Regular Customers
16883,187,2,229.93,0,At-Risk Customers
16884,38,2,317.04,2,Regular Customers
16885,15,3,336.19,2,Regular Customers
16887,35,1,139.05,0,At-Risk Customers
16889,195,3,1011.62,2,Regular Customers
16891,2,5,494.83,2,Regular Customers
16892,1,5,434.57,2,Regular Customers
16893,367,1,84.06,0,At-Risk Customers
16895,65,1,141.88,0,At-Risk Customers
16897,299,2,175.43,0,At-Risk Customers
16898,26,3,373.85,2,Regular Customers
16899,8,6,890.57,2,Regular Customers
16900,17,3,510.93,2,Regular Customers
16902,116,1,1408.93,0,At-Risk Customers
16903,29,1,294.75,0,At-Risk Customers
16904,4,16,2428.81,1,High-Value Customers
16905,5,7,2568.36,1,High-Value Customers
16906,82,4,479.62,2,Regular Customers
16907,29,5,732.4200000000001,2,Regular Customers
16909,72,1,267.36,0,At-Risk Customers
16910,4,8,826.57,1,High-Value Customers
16912,29,11,1822.18,1,High-Value Customers
16913,290,1,110.94,0,At-Risk Customers
16914,36,1,147.87,0,At-Risk Customers
16915,9,6,518.83,2,Regular Customers
16916,24,2,398.09999999999997,2,Regular Customers
16917,277,1,344.72,0,At-Risk Customers
16918,50,6,843.6700000000001,2,Regular Customers
16919,156,11,1780.24,1,High-Value Customers
16921,61,1,118.58,0,At-Risk Customers
16923,12,19,5693.55,1,High-Value Customers
16924,21,3,625.48,2,Regular Customers
16926,371,1,127.7,0,At-Risk Customers
16927,116,3,543.05,2,Regular Customers
16928,80,17,1909.25,1,High-Value Customers
16929,4,7,830.96,1,High-Value Customers
16930,26,3,328.42,2,Regular Customers
16931,5,21,3034.69,1,High-Value Customers
16932,53,1,104.96000000000001,0,At-Risk Customers
16933,1,2,523.04,2,Regular Customers
16934,55,2,669.51,2,Regular Customers
16936,26,1,160.94,0,At-Risk Customers
16938,9,4,1827.5600000000002,2,Regular Customers
16940,52,3,1769.48,2,Regular Customers
16942,13,9,1371.94,1,High-Value Customers
16943,212,3,730.03,0,At-Risk Customers
16945,22,19,1960.42,1,High-Value Customers
16947,236,1,251.64,0,At-Risk Customers
16948,139,3,318.77,0,At-Risk Customers
16949,4,6,1165.72,1,High-Value Customers
16950,57,3,1126.72,2,Regular Customers
16951,135,3,630.91,2,Regular Customers
16952,109,2,144.91,0,At-Risk Customers
16953,30,1,20.8,0,At-Risk Customers
16954,1,9,1830.68,1,High-Value Customers
16955,185,4,425.40999999999997,0,At-Risk Customers
16956,18,1,259.24,2,Regular Customers
16957,239,2,316.14,0,At-Risk Customers
16959,87,1,108.85000000000001,0,At-Risk Customers
16960,39,3,373.1,2,Regular Customers
16961,116,1,169.17,0,At-Risk Customers
16963,187,1,60.150000000000006,0,At-Risk Customers
16965,227,1,167.85,0,At-Risk Customers
16966,8,7,2154.97,1,High-Value Customers
16967,189,1,120.41999999999999,0,At-Risk Customers
16968,4,2,359.57,2,Regular Customers
16969,39,3,423.28,2,Regular Customers
16971,38,1,288.42,0,At-Risk Customers
16976,267,1,251.51999999999998,0,At-Risk Customers
16978,78,1,248.94,0,At-Risk Customers
16979,4,6,1608.52,1,High-Value Customers
16980,255,2,779.51,0,At-Risk Customers
16982,61,1,243.38,0,At-Risk Customers
16983,13,7,1378.01,1,High-Value Customers
16984,88,2,2771.67,2,Regular Customers
16985,17,10,3140.69,1,High-Value Customers
16986,30,2,1873.2,2,Regular Customers
16987,3,7,1233.0,1,High-Value Customers
16988,5,1,126.12,2,Regular Customers
16989,7,6,743.25,2,Regular Customers
16990,219,1,179.0,0,At-Risk Customers
16992,11,5,1129.31,2,Regular Customers
16996,30,6,1142.56,2,Regular Customers
16997,288,3,292.5,0,At-Risk Customers
16998,150,4,295.0,0,At-Risk Customers
16999,23,2,424.96999999999997,2,Regular Customers
17001,1,11,2716.72,1,High-Value Customers
17002,86,3,1279.1299999999999,2,Regular Customers
17004,46,2,822.75,2,Regular Customers
17006,5,4,717.03,2,Regular Customers
17007,51,6,826.69,2,Regular Customers
17010,18,1,162.66,0,At-Risk Customers
17011,30,1,190.5,0,At-Risk Customers
17014,8,3,453.53000000000003,2,Regular Customers
17015,29,3,824.88,2,Regular Customers
17017,3,20,7231.46,1,High-Value Customers
17018,41,2,345.0,2,Regular Customers
17019,11,4,865.95,2,Regular Customers
17022,31,1,57.08,0,At-Risk Customers
17024,45,3,95.85,0,At-Risk Customers
17025,61,3,327.77,2,Regular Customers
17026,185,2,144.63,0,At-Risk Customers
17027,79,6,626.71,2,Regular Customers
17029,111,2,716.0,0,At-Risk Customers
17030,64,1,140.07,0,At-Risk Customers
17031,12,2,151.95,2,Regular Customers
17033,86,3,865.02,2,Regular Customers
17034,16,3,665.84,2,Regular Customers
17035,246,2,315.09000000000003,0,At-Risk Customers
17037,88,1,651.99,0,At-Risk Customers
17038,30,1,58.05,0,At-Risk Customers
17040,138,1,406.53,0,At-Risk Customers
17041,27,3,781.5,2,Regular Customers
17042,3,5,837.43,2,Regular Customers
17043,32,4,1189.1299999999999,2,Regular Customers
17044,25,1,948.48,2,Regular Customers
17045,113,3,320.64,0,At-Risk Customers
17046,157,1,487.12,0,At-Risk Customers
17047,85,3,770.09,2,Regular Customers
17048,118,3,729.55,2,Regular Customers
17049,3,9,3452.82,1,High-Value Customers
17050,96,6,2384.4,2,Regular Customers
17051,194,1,138.19,0,At-Risk Customers
17052,28,1,278.16,0,At-Risk Customers
17053,131,1,396.48,0,At-Risk Customers
17054,28,5,978.18,2,Regular Customers
17058,82,3,848.99,2,Regular Customers
17059,30,5,1951.31,2,Regular Customers
17060,266,1,216.54000000000002,0,At-Risk Customers
17061,74,11,4047.63,1,High-Value Customers
17062,314,4,485.99,0,At-Risk Customers
17063,21,7,891.03,2,Regular Customers
17064,59,3,657.05,2,Regular Customers
17068,12,21,2325.63,1,High-Value Customers
17069,28,9,1654.05,1,High-Value Customers
17070,114,1,220.13,0,At-Risk Customers
17071,28,9,1810.8500000000001,1,High-Value Customers
17073,18,4,974.9300000000001,2,Regular Customers
17075,18,4,698.51,2,Regular Customers
17076,36,3,665.88,2,Regular Customers
17078,36,2,231.68,0,At-Risk Customers
17079,78,1,59.400000000000006,0,At-Risk Customers
17080,22,2,267.22,2,Regular Customers
17081,25,2,197.13,2,Regular Customers
17082,33,2,1214.19,2,Regular Customers
17083,109,3,907.54,2,Regular Customers
17084,35,2,1820.99,2,Regular Customers
17085,123,5,1102.87,2,Regular Customers
17086,7,6,1648.3799999999999,1,High-Value Customers
17088,28,4,1256.84,2,Regular Customers
17090,4,7,1483.14,1,High-Value Customers
17091,3,9,1528.9,1,High-Value Customers
17092,50,4,1463.97,2,Regular Customers
17094,322,1,178.5,0,At-Risk Customers
17095,23,3,765.06,2,Regular Customers
17096,15,4,786.33,2,Regular Customers
17097,2,8,694.11,1,High-Value Customers
17100,18,2,381.62,2,Regular Customers
17101,10,4,1286.89,2,Regular Customers
17102,262,1,25.5,0,At-Risk Customers
17105,159,2,518.0,0,At-Risk Customers
17107,33,6,4970.15,1,High-Value Customers
17109,29,6,628.41,2,Regular Customers
17110,165,1,127.6,0,At-Risk Customers
17111,47,1,162.0,0,At-Risk Customers
17114,6,8,632.03,1,High-Value Customers
17115,8,3,630.8000000000001,2,Regular Customers
17117,288,1,109.6,0,At-Risk Customers
17118,318,1,84.96,0,At-Risk Customers
17119,3,2,491.81,2,Regular Customers
17120,233,1,187.61,0,At-Risk Customers
17122,119,1,81.02,0,At-Risk Customers
17123,162,1,260.1,0,At-Risk Customers
17124,185,1,254.59,0,At-Risk Customers
17125,50,1,198.75,0,At-Risk Customers
17126,152,5,706.11,2,Regular Customers
17128,335,1,112.19,0,At-Risk Customers
17131,5,5,2095.9900000000002,1,High-Value Customers
17133,16,7,4405.04,1,High-Value Customers
17134,107,2,330.25,0,At-Risk Customers
17135,16,7,936.3,2,Regular Customers
17138,276,1,306.3,0,At-Risk Customers
17139,16,12,4786.52,1,High-Value Customers
17140,247,1,452.54,0,At-Risk Customers
17142,239,1,470.7,0,At-Risk Customers
17144,1,2,754.28,2,Regular Customers
17146,106,3,589.43,2,Regular Customers
17147,23,4,1362.69,2,Regular Customers
17148,52,1,99.88,0,At-Risk Customers
17152,195,3,960.25,2,Regular Customers
17153,24,1,119.38,0,At-Risk Customers
17154,75,1,237.29999999999998,0,At-Risk Customers
17155,18,2,207.08999999999997,2,Regular Customers
17157,8,2,294.1,2,Regular Customers
17158,32,3,721.15,2,Regular Customers
17159,22,3,922.36,2,Regular Customers
17160,31,6,1251.85,2,Regular Customers
17162,29,10,1161.24,1,High-Value Customers
17163,22,2,293.1,2,Regular Customers
17164,33,7,1485.63,2,Regular Customers
17165,284,1,95.98,0,At-Risk Customers
17166,39,2,152.82,0,At-Risk Customers
17169,58,2,489.39,2,Regular Customers
17171,289,1,189.39,0,At-Risk Customers
17172,79,1,204.24,0,At-Risk Customers
17173,5,8,2662.24,1,High-Value Customers
17174,218,1,40.4,0,At-Risk Customers
17175,44,4,1024.59,2,Regular Customers
17176,202,1,289.63,0,At-Risk Customers
17179,178,3,538.17,0,At-Risk Customers
17180,56,4,513.03,2,Regular Customers
17181,57,2,211.57000000000002,0,At-Risk Customers
17183,8,6,2889.73,1,High-Value Customers
17186,47,2,144.0,0,At-Risk Customers
17187,227,1,184.04999999999998,0,At-Risk Customers
17188,11,7,2038.31,1,High-Value Customers
17189,106,2,331.67,0,At-Risk Customers
17190,59,2,439.13,2,Regular Customers
17191,28,7,1775.1000000000001,1,High-Value Customers
17193,36,7,1170.1000000000001,2,Regular Customers
17194,274,2,238.56,0,At-Risk Customers
17197,30,1,700.56,2,Regular Customers
17198,24,3,595.33,2,Regular Customers
17201,54,1,263.81,0,At-Risk Customers
17203,36,6,3111.91,1,High-Value Customers
17204,175,4,1094.16,2,Regular Customers
17205,54,1,305.96,0,At-Risk Customers
17206,53,1,119.64,0,At-Risk Customers
17211,27,8,1668.21,1,High-Value Customers
17212,253,1,226.85,0,At-Risk Customers
17213,40,7,1984.73,1,High-Value Customers
17214,60,6,833.47,2,Regular Customers
17217,234,1,111.4,0,At-Risk Customers
17218,4,10,1400.21,1,High-Value Customers
17219,32,1,101.71,0,At-Risk Customers
17220,24,14,2213.19,1,High-Value Customers
17221,7,2,288.45,2,Regular Customers
17222,65,1,269.64,0,At-Risk Customers
17223,310,2,351.54,0,At-Risk Customers
17226,309,1,388.45,0,At-Risk Customers
17227,19,6,892.6700000000001,2,Regular Customers
17228,16,8,1112.74,1,High-Value Customers
17229,96,2,149.79,0,At-Risk Customers
17230,264,8,2889.39,2,Regular Customers
17231,12,10,2282.3,1,High-Value Customers
17232,3,2,350.3,2,Regular Customers
17233,35,1,164.0,0,At-Risk Customers
17234,183,1,124.03999999999999,0,At-Risk Customers
17235,25,2,427.73,2,Regular Customers
17236,13,6,771.6800000000001,2,Regular Customers
17237,11,2,309.59,2,Regular Customers
17238,3,17,2660.56,1,High-Value Customers
17239,313,1,347.75,0,At-Risk Customers
17242,108,2,580.2,0,At-Risk Customers
17243,1,26,7637.51,1,High-Value Customers
17244,53,1,803.55,2,Regular Customers
17245,205,1,136.35,0,At-Risk Customers
17247,15,1,174.27,0,At-Risk Customers
17248,120,1,199.48000000000002,0,At-Risk Customers
17250,4,2,329.19,2,Regular Customers
17251,363,1,178.33,0,At-Risk Customers
17252,117,2,180.51,0,At-Risk Customers
17253,18,1,165.51,0,At-Risk Customers
17254,5,2,180.67000000000002,2,Regular Customers
17255,41,2,205.06,0,At-Risk Customers
17256,107,2,228.95,0,At-Risk Customers
17259,148,2,411.17,0,At-Risk Customers
17262,52,5,1104.3600000000001,2,Regular Customers
17263,208,1,37.05,0,At-Risk Customers
17265,139,2,361.38,0,At-Risk Customers
17266,2,3,245.05,2,Regular Customers
17267,127,2,266.12,0,At-Risk Customers
17268,108,4,763.64,2,Regular Customers
17272,42,4,1278.51,2,Regular Customers
17274,35,1,95.84,0,At-Risk Customers
17277,228,2,776.09,0,At-Risk Customers
17278,241,1,230.92,0,At-Risk Customers
17279,58,1,187.82999999999998,0,At-Risk Customers
17282,130,3,1569.75,2,Regular Customers
17284,60,6,1071.85,2,Regular Customers
17286,22,1,96.92,0,At-Risk Customers
17287,26,7,880.74,2,Regular Customers
17288,9,7,968.61,1,High-Value Customers
17289,32,3,772.52,2,Regular Customers
17290,4,2,422.53,2,Regular Customers
17291,308,1,550.8000000000001,0,At-Risk Customers
17293,8,9,1593.58,1,High-Value Customers
17295,29,3,388.37,2,Regular Customers
17297,17,1,92.1,0,At-Risk Customers
17298,101,2,412.41,0,At-Risk Customers
17299,12,4,559.86,2,Regular Customers
17301,21,1,97.52,0,At-Risk Customers
17302,15,5,997.8299999999999,2,Regular Customers
17303,361,1,179.06,0,At-Risk Customers
17306,11,19,8328.91,1,High-Value Customers
17309,95,1,79.0,0,At-Risk Customers
17311,78,2,1077.57,2,Regular Customers
17312,139,3,606.3499999999999,2,Regular Customers
17313,31,1,1672.44,2,Regular Customers
17314,25,8,1810.77,1,High-Value Customers
17315,2,38,5554.51,1,High-Value Customers
17317,46,3,2600.34,2,Regular Customers
17320,100,3,947.36,2,Regular Customers
17321,8,2,519.95,2,Regular Customers
17323,15,7,531.95,2,Regular Customers
17324,18,4,640.17,2,Regular Customers
17325,280,1,60.5,0,At-Risk Customers
17329,14,2,349.28000000000003,2,Regular Customers
17330,23,2,318.9,2,Regular Customers
17331,124,1,175.2,0,At-Risk Customers
17333,86,1,304.23,0,At-Risk Customers
17334,302,2,217.02,0,At-Risk Customers
17337,151,4,1039.9,2,Regular Customers
17338,17,8,4085.18,1,High-Value Customers
17339,94,2,198.36,0,At-Risk Customers
17340,30,11,9061.98,1,High-Value Customers
17341,157,3,425.62,0,At-Risk Customers
17343,355,1,193.64,0,At-Risk Customers
17344,46,1,133.12,0,At-Risk Customers
17345,15,4,467.04,2,Regular Customers
17346,4,15,2017.99,1,High-Value Customers
17347,86,1,228.96,0,At-Risk Customers
17348,15,5,866.26,2,Regular Customers
17349,179,1,98.25,0,At-Risk Customers
17350,8,4,982.82,2,Regular Customers
17351,36,3,470.75,2,Regular Customers
17353,129,2,435.0,0,At-Risk Customers
17354,51,1,1295.56,2,Regular Customers
17356,312,1,136.78,0,At-Risk Customers
17357,24,2,345.76,2,Regular Customers
17358,303,2,286.22,0,At-Risk Customers
17359,11,1,127.08,0,At-Risk Customers
17360,17,3,401.27,2,Regular Customers
17361,49,3,488.2,2,Regular Customers
17362,239,2,222.63,0,At-Risk Customers
17364,1,11,3546.16,1,High-Value Customers
17365,13,8,3075.53,1,High-Value Customers
17367,238,1,127.65,0,At-Risk Customers
17368,23,8,1622.15,1,High-Value Customers
17370,73,4,281.3,2,Regular Customers
17371,17,3,342.05,2,Regular Customers
17372,41,8,924.76,2,Regular Customers
17373,40,4,537.44,2,Regular Customers
17374,219,2,194.57,0,At-Risk Customers
17375,199,3,304.43,0,At-Risk Customers
17376,71,2,166.5,0,At-Risk Customers
17377,24,20,2964.01,1,High-Value Customers
17379,11,1,294.28,2,Regular Customers
17381,9,29,19354.61,1,High-Value Customers
17382,65,1,65.4,0,At-Risk Customers
17383,4,1,153.39,2,Regular Customers
17384,19,2,316.83,2,Regular Customers
17385,15,1,178.07,0,At-Risk Customers
17386,8,6,2346.58,1,High-Value Customers
17387,20,2,571.97,2,Regular Customers
17388,78,4,1259.56,2,Regular Customers
17389,1,34,30959.18,1,High-Value Customers
17391,164,2,305.28000000000003,0,At-Risk Customers
17392,307,2,359.49,0,At-Risk Customers
17394,219,1,203.86999999999998,0,At-Risk Customers
17396,39,8,4795.599999999999,1,High-Value Customers
17397,22,2,516.38,2,Regular Customers
17398,115,3,506.54,2,Regular Customers
17400,126,5,1407.79,2,Regular Customers
17402,5,13,2591.85,1,High-Value Customers
17403,36,1,243.44,0,At-Risk Customers
17404,4,15,24471.670000000002,1,High-Value Customers
17405,1,3,623.33,2,Regular Customers
17406,333,3,1797.92,2,Regular Customers
17408,163,1,32.65,0,At-Risk Customers
17409,185,2,588.25,0,At-Risk Customers
17410,16,5,825.78,2,Regular Customers
17411,12,3,633.26,2,Regular Customers
17412,3,7,1022.91,1,High-Value Customers
17414,44,2,778.0,2,Regular Customers
17415,80,1,378.44,0,At-Risk Customers
17416,30,7,3190.82,1,High-Value Customers
17418,42,2,410.57,2,Regular Customers
17419,11,12,3280.13,1,High-Value Customers
17420,50,3,370.45,2,Regular Customers
17422,16,6,1289.37,2,Regular Customers
17423,46,2,444.31,2,Regular Customers
17425,19,2,354.69,2,Regular Customers
17426,8,6,2577.77,1,High-Value Customers
17427,72,1,100.8,0,At-Risk Customers
17428,1,28,12856.3,1,High-Value Customers
17429,128,3,456.79,0,At-Risk Customers
17430,33,2,237.86,2,Regular Customers
17431,313,1,323.95,0,At-Risk Customers
17432,18,2,346.9,2,Regular Customers
17433,88,1,185.1,0,At-Risk Customers
17434,2,7,1692.3,1,High-Value Customers
17436,2,2,155.1,2,Regular Customers
17438,254,1,286.90000000000003,0,At-Risk Customers
17440,157,3,186.42000000000002,0,At-Risk Customers
17442,37,6,1566.26,2,Regular Customers
17443,220,1,534.24,0,At-Risk Customers
17444,148,3,1821.0300000000002,2,Regular Customers
17446,177,2,41.7,0,At-Risk Customers
17447,40,2,370.55,2,Regular Customers
17449,2,7,1721.81,1,High-Value Customers
17450,8,46,168503.41,1,High-Value Customers
17451,1,7,1180.24,1,High-Value Customers
17453,18,2,260.21999999999997,2,Regular Customers
17454,192,4,331.48,0,At-Risk Customers
17455,204,1,65.7,0,At-Risk Customers
17456,365,1,193.94,0,At-Risk Customers
17457,127,5,1724.95,2,Regular Customers
17458,15,1,235.45000000000002,2,Regular Customers
17459,43,2,346.38,2,Regular Customers
17460,94,6,561.6800000000001,2,Regular Customers
17461,23,3,515.14,2,Regular Customers
17462,60,2,556.89,2,Regular Customers
17463,16,5,1279.22,2,Regular Customers
17464,158,1,203.81,0,At-Risk Customers
17466,10,2,483.88,2,Regular Customers
17468,10,2,77.0,2,Regular Customers
17469,16,5,978.97,2,Regular Customers
17470,45,5,795.85,2,Regular Customers
17472,191,3,476.38,0,At-Risk Customers
17475,79,1,163.17,0,At-Risk Customers
17480,78,1,277.12,0,At-Risk Customers
17481,4,4,960.3,2,Regular Customers
17483,65,3,396.34000000000003,2,Regular Customers
17486,261,1,217.17,0,At-Risk Customers
17489,59,2,242.4,0,At-Risk Customers
17490,1,7,1782.3799999999999,1,High-Value Customers
17491,1,10,3005.7200000000003,1,High-Value Customers
17492,248,1,319.01,0,At-Risk Customers
17495,8,2,403.36,2,Regular Customers
17496,359,1,204.15000000000003,0,At-Risk Customers
17498,76,1,171.74,0,At-Risk Customers
17499,290,1,364.71,0,At-Risk Customers
17500,17,3,1121.5,2,Regular Customers
17501,221,2,245.4,0,At-Risk Customers
17502,9,4,601.2,2,Regular Customers
17503,3,2,462.66,2,Regular Customers
17504,206,9,2417.8,2,Regular Customers
17505,162,2,850.6,0,At-Risk Customers
17506,76,1,201.5,0,At-Risk Customers
17507,262,2,417.13,0,At-Risk Customers
17508,281,1,273.56,0,At-Risk Customers
17509,58,8,2210.81,1,High-Value Customers
17510,25,1,210.38,0,At-Risk Customers
17511,3,31,61991.5,1,High-Value Customers
17512,29,10,2312.29,1,High-Value Customers
17513,72,1,513.2,0,At-Risk Customers
17514,128,1,164.66,0,At-Risk Customers
17515,31,4,426.59000000000003,2,Regular Customers
17516,15,5,564.01,2,Regular Customers
17517,309,1,136.24,0,At-Risk Customers
17519,17,6,1591.93,1,High-Value Customers
17520,54,1,452.35,0,At-Risk Customers
17521,30,3,463.05,2,Regular Customers
17522,2,5,929.01,1,High-Value Customers
17523,11,4,598.84,2,Regular Customers
17524,361,1,145.0,0,At-Risk Customers
17525,360,1,271.5,0,At-Risk Customers
17526,5,4,1162.8999999999999,2,Regular Customers
17527,54,4,697.51,2,Regular Customers
17528,1,8,2621.11,1,High-Value Customers
17530,1,10,1703.58,1,High-Value Customers
17531,190,1,191.70000000000002,0,At-Risk Customers
17534,54,1,203.56,0,At-Risk Customers
17535,280,1,96.1,0,At-Risk Customers
17536,177,1,25.5,0,At-Risk Customers
17537,30,2,601.35,2,Regular Customers
17538,26,1,73.22,0,At-Risk Customers
17540,25,2,385.05,2,Regular Customers
17542,270,1,167.0,0,At-Risk Customers
17545,43,3,435.71000000000004,2,Regular Customers
17548,234,1,70.3,0,At-Risk Customers
17549,24,2,148.86,0,At-Risk Customers
17550,197,3,209.11,0,At-Risk Customers
17551,359,1,201.54,0,At-Risk Customers
17552,60,4,661.43,2,Regular Customers
17553,130,1,1487.6,0,At-Risk Customers
17554,1,5,1527.9,1,High-Value Customers
17555,20,2,237.21,2,Regular Customers
17556,206,1,157.9,0,At-Risk Customers
17557,14,3,527.0600000000001,2,Regular Customers
17560,95,4,820.95,2,Regular Customers
17561,19,1,130.07,0,At-Risk Customers
17562,14,7,835.78,2,Regular Customers
17564,24,3,300.51,2,Regular Customers
17566,8,2,648.85,2,Regular Customers
17567,7,8,2739.82,1,High-Value Customers
17569,332,1,280.49,0,At-Risk Customers
17571,50,4,956.01,2,Regular Customers
17572,71,4,155.95000000000002,0,At-Risk Customers
17573,29,3,317.9,2,Regular Customers
17574,243,1,160.45,0,At-Risk Customers
17576,8,19,2994.82,1,High-Value Customers
17578,218,1,143.45999999999998,0,At-Risk Customers
17579,5,3,335.01,2,Regular Customers
17580,253,3,173.04000000000002,0,At-Risk Customers
17581,1,25,6234.55,1,High-Value Customers
17582,236,1,147.04,0,At-Risk Customers
17584,7,2,1167.7,2,Regular Customers
17585,109,4,769.6899999999999,2,Regular Customers
17588,100,3,972.3,2,Regular Customers
17589,60,4,1593.09,2,Regular Customers
17590,2,3,1193.34,2,Regular Customers
17591,73,7,1465.8700000000001,2,Regular Customers
17593,4,5,2631.84,1,High-Value Customers
17594,85,2,266.72,0,At-Risk Customers
17595,12,2,257.69,2,Regular Customers
17596,23,7,2540.02,1,High-Value Customers
17597,214,1,1784.63,0,At-Risk Customers
17600,18,1,135.15,0,At-Risk Customers
17601,239,1,116.00999999999999,0,At-Risk Customers
17602,2,6,3525.13,1,High-Value Customers
17603,78,1,342.28000000000003,0,At-Risk Customers
17604,217,2,242.45,0,At-Risk Customers
17608,33,2,136.48,0,At-Risk Customers
17609,41,5,769.08,2,Regular Customers
17611,7,15,2486.7,1,High-Value Customers
17612,53,6,1284.06,2,Regular Customers
17613,23,14,3092.7200000000003,1,High-Value Customers
17614,57,1,260.2,0,At-Risk Customers
17615,130,3,329.6,0,At-Risk Customers
17616,174,3,571.1999999999999,0,At-Risk Customers
17618,6,3,669.83,2,Regular Customers
17619,312,1,111.44,0,At-Risk Customers
17620,60,1,61.04,0,At-Risk Customers
17621,21,3,1107.8,2,Regular Customers
17623,33,1,310.84000000000003,0,At-Risk Customers
17624,15,2,583.02,2,Regular Customers
17625,18,4,1384.6100000000001,2,Regular Customers
17628,81,1,49.35,0,At-Risk Customers
17629,6,8,1566.73,1,High-Value Customers
17630,170,2,425.09999999999997,0,At-Risk Customers
17631,2,3,501.97,2,Regular Customers
17633,31,4,815.16,2,Regular Customers
17634,36,9,1628.05,1,High-Value Customers
17636,19,1,193.54000000000002,0,At-Risk Customers
17637,31,2,401.16,2,Regular Customers
17639,276,1,88.6,0,At-Risk Customers
17640,87,1,621.66,0,At-Risk Customers
17642,120,2,583.89,0,At-Risk Customers
17643,373,1,65.25,0,At-Risk Customers
17644,1,11,2118.03,1,High-Value Customers
17646,219,3,818.5400000000001,0,At-Risk Customers
17647,65,1,116.06,0,At-Risk Customers
17648,61,4,1350.45,2,Regular Customers
17649,138,1,426.74,0,At-Risk Customers
17650,21,1,152.88,0,At-Risk Customers
17651,12,10,2180.7,1,High-Value Customers
17652,25,12,3155.2200000000003,1,High-Value Customers
17653,37,4,1091.57,2,Regular Customers
17654,277,1,105.75,0,At-Risk Customers
17655,11,7,2025.69,1,High-Value Customers
17656,73,5,1477.41,2,Regular Customers
17658,26,2,552.76,2,Regular Customers
17659,17,12,2505.56,1,High-Value Customers
17660,141,1,133.14,0,At-Risk Customers
17663,26,7,1535.6100000000001,1,High-Value Customers
17664,19,2,386.88,2,Regular Customers
17666,4,2,483.96,2,Regular Customers
17667,66,5,1429.71,2,Regular Customers
17668,1,2,280.84999999999997,2,Regular Customers
17669,43,7,1900.37,2,Regular Customers
17670,228,1,140.3,0,At-Risk Customers
17671,16,4,1192.1299999999999,2,Regular Customers
17672,50,2,2169.07,2,Regular Customers
17673,2,6,1248.05,1,High-Value Customers
17674,74,2,444.6,0,At-Risk Customers
17675,1,31,14764.15,1,High-Value Customers
17676,4,6,877.6,1,High-Value Customers
17677,2,30,9299.49,1,High-Value Customers
17678,264,1,192.21,0,At-Risk Customers
17679,53,2,1647.71,2,Regular Customers
17680,24,1,164.0,0,At-Risk Customers
17682,10,6,1310.93,1,High-Value Customers
17684,44,1,159.61,0,At-Risk Customers
17685,17,7,2586.69,1,High-Value Customers
17686,7,7,2619.06,1,High-Value Customers
17690,30,15,3091.32,1,High-Value Customers
17691,358,2,194.25,0,At-Risk Customers
17692,127,4,565.67,2,Regular Customers
17693,137,1,110.09,0,At-Risk Customers
17694,142,1,210.16,0,At-Risk Customers
17695,132,2,574.04,0,At-Risk Customers
17696,38,8,1865.23,1,High-Value Customers
17697,236,1,303.55,0,At-Risk Customers
17698,261,1,135.15,0,At-Risk Customers
17700,17,4,1821.67,2,Regular Customers
17701,253,1,172.25,0,At-Risk Customers
17702,30,4,1103.85,2,Regular Customers
17703,35,3,500.12,2,Regular Customers
17704,169,2,789.79,0,At-Risk Customers
17705,3,9,893.76,1,High-Value Customers
17706,4,17,7213.13,1,High-Value Customers
17707,185,2,152.4,0,At-Risk Customers
17708,188,2,172.32999999999998,0,At-Risk Customers
17709,170,1,137.45,0,At-Risk Customers
17711,11,2,299.3,2,Regular Customers
17712,45,1,380.96,0,At-Risk Customers
17714,321,1,63.0,0,At-Risk Customers
17715,201,1,326.4,0,At-Risk Customers
17716,23,11,3070.62,1,High-Value Customers
17718,232,1,109.35,0,At-Risk Customers
17719,38,15,3732.15,1,High-Value Customers
17720,26,4,1052.64,2,Regular Customers
17722,96,4,1588.02,2,Regular Customers
17723,127,6,3276.4000000000005,2,Regular Customers
17724,71,3,705.3000000000001,2,Regular Customers
17725,16,11,2458.9,1,High-Value Customers
17727,15,1,511.01,2,Regular Customers
17728,4,3,1271.69,2,Regular Customers
17730,3,13,4379.9,1,High-Value Customers
17731,79,4,976.27,2,Regular Customers
17732,373,1,179.92000000000002,0,At-Risk Customers
17733,39,2,552.87,2,Regular Customers
17734,54,3,494.2,2,Regular Customers
17735,2,19,5995.95,1,High-Value Customers
17736,9,3,329.68,2,Regular Customers
17737,9,2,120.54,2,Regular Customers
17738,19,4,1302.48,2,Regular Customers
17739,12,7,2222.25,1,High-Value Customers
17742,113,2,329.61,0,At-Risk Customers
17744,4,6,1558.96,1,High-Value Customers
17746,240,1,110.25,0,At-Risk Customers
17747,113,1,71.4,0,At-Risk Customers
17749,178,2,532.32,0,At-Risk Customers
17750,5,9,805.46,1,High-Value Customers
17752,359,1,80.64,0,At-Risk Customers
17754,1,5,1186.68,1,High-Value Customers
17757,1,30,4643.2,1,High-Value Customers
17758,19,8,2038.7,1,High-Value Customers
17759,17,3,688.48,2,Regular Customers
17760,22,2,274.59,2,Regular Customers
17761,33,1,603.73,2,Regular Customers
17763,263,1,15.0,0,At-Risk Customers
17764,51,2,623.8,2,Regular Customers
17765,159,3,311.96,0,At-Risk Customers
17767,15,1,233.70000000000002,2,Regular Customers
17768,8,3,1343.95,2,Regular Customers
17769,13,10,3398.38,1,High-Value Customers
17770,199,5,683.11,2,Regular Customers
17771,57,2,136.89000000000001,0,At-Risk Customers
17772,11,2,102.9,2,Regular Customers
17774,97,4,890.28,2,Regular Customers
17775,255,1,36.0,0,At-Risk Customers
17777,25,3,429.29,2,Regular Customers
17779,21,3,526.08,2,Regular Customers
17781,159,2,168.32999999999998,0,At-Risk Customers
17783,72,2,154.53,0,At-Risk Customers
17785,53,1,106.14,0,At-Risk Customers
17786,85,2,229.35,0,At-Risk Customers
17787,153,4,1336.14,2,Regular Customers
17788,74,2,1117.9,2,Regular Customers
17789,281,1,146.3,0,At-Risk Customers
17790,27,14,1744.31,1,High-Value Customers
17791,30,1,64.3,0,At-Risk Customers
17793,25,1,208.67000000000002,0,At-Risk Customers
17795,180,2,289.38,0,At-Risk Customers
17796,40,4,526.7,2,Regular Customers
17797,22,3,629.88,2,Regular Customers
17799,22,10,2243.52,1,High-Value Customers
17800,37,9,1066.06,2,Regular Customers
17802,82,3,970.55,2,Regular Customers
17805,74,1,512.31,0,At-Risk Customers
17806,11,1,418.07,2,Regular Customers
17809,16,12,5000.16,1,High-Value Customers
17811,4,39,6745.33,1,High-Value Customers
17812,13,4,577.95,2,Regular Customers
17813,14,5,1041.55,2,Regular Customers
17816,37,4,34.480000000000004,0,At-Risk Customers
17817,4,3,370.82,2,Regular Customers
17819,72,7,3010.16,1,High-Value Customers
17824,51,1,188.24,0,At-Risk Customers
17827,5,5,1468.49,1,High-Value Customers
17828,23,4,1477.97,2,Regular Customers
17829,299,1,584.14,0,At-Risk Customers
17830,2,3,283.6,2,Regular Customers
17831,33,1,17.700000000000003,0,At-Risk Customers
17832,50,1,105.46,0,At-Risk Customers
17835,3,3,271.74,2,Regular Customers
17836,47,1,101.00999999999999,0,At-Risk Customers
17837,42,8,1211.39,2,Regular Customers
17838,27,5,1895.6,2,Regular Customers
17839,42,1,237.9,0,At-Risk Customers
17841,2,124,29794.88,1,High-Value Customers
17843,303,1,142.73,0,At-Risk Customers
17844,107,1,44.92,0,At-Risk Customers
17846,85,1,2033.1,2,Regular Customers
17848,81,9,876.38,2,Regular Customers
17849,218,4,581.95,0,At-Risk Customers
17850,372,34,3989.73,1,High-Value Customers
17852,12,2,85.94,2,Regular Customers
17854,185,2,311.26,0,At-Risk Customers
17855,373,1,127.07000000000001,0,At-Risk Customers
17856,2,4,1373.03,1,High-Value Customers
17857,4,23,17961.24,1,High-Value Customers
17858,6,12,3507.71,1,High-Value Customers
17859,305,1,118.31,0,At-Risk Customers
17860,369,1,152.95,0,At-Risk Customers
17861,3,8,1422.26,1,High-Value Customers
17862,324,1,232.4,0,At-Risk Customers
17863,59,6,2166.8,2,Regular Customers
17864,13,3,371.42,2,Regular Customers
17865,31,20,7432.74,1,High-Value Customers
17866,143,1,329.65,0,At-Risk Customers
17867,30,6,1086.8600000000001,2,Regular Customers
17869,107,5,398.58,2,Regular Customers
17870,2,12,1558.97,1,High-Value Customers
17871,205,1,106.1,0,At-Risk Customers
17873,80,5,1351.71,2,Regular Customers
17874,185,6,599.23,2,Regular Customers
17877,170,1,233.86,0,At-Risk Customers
17878,44,1,323.76,0,At-Risk Customers
17879,174,1,178.51999999999998,0,At-Risk Customers
17880,365,1,253.06,0,At-Risk Customers
17881,304,1,127.4,0,At-Risk Customers
17883,3,4,542.85,2,Regular Customers
17884,4,4,516.93,2,Regular Customers
17885,12,1,112.71,0,At-Risk Customers
17886,32,3,790.85,2,Regular Customers
17887,129,1,108.39999999999999,0,At-Risk Customers
17888,21,8,657.61,2,Regular Customers
17889,212,2,179.57,0,At-Risk Customers
17890,323,2,391.03,0,At-Risk Customers
17891,162,1,63.34,0,At-Risk Customers
17892,56,3,237.39999999999998,0,At-Risk Customers
17893,225,1,83.8,0,At-Risk Customers
17894,72,8,949.51,2,Regular Customers
17895,44,1,60.53,0,At-Risk Customers
17896,23,1,256.32,0,At-Risk Customers
17897,173,3,446.78,0,At-Risk Customers
17898,85,2,113.24,0,At-Risk Customers
17899,159,1,106.74,0,At-Risk Customers
17900,190,2,97.19999999999999,0,At-Risk Customers
17901,29,1,104.13,0,At-Risk Customers
17904,21,1,140.82,0,At-Risk Customers
17905,71,4,787.84,2,Regular Customers
17906,247,1,57.3,0,At-Risk Customers
17908,374,1,157.32999999999998,0,At-Risk Customers
17911,9,1,293.39,2,Regular Customers
17912,310,5,268.81,0,At-Risk Customers
17913,59,2,338.75,0,At-Risk Customers
17914,4,1,233.93,2,Regular Customers
17917,45,3,235.38,2,Regular Customers
17919,88,1,1105.74,0,At-Risk Customers
17920,4,17,3000.87,1,High-Value Customers
17921,64,4,609.92,2,Regular Customers
17923,282,1,207.50000000000003,0,At-Risk Customers
17924,12,7,2774.7000000000003,1,High-Value Customers
17925,373,1,244.08,0,At-Risk Customers
17926,133,2,346.89000000000004,0,At-Risk Customers
17928,45,2,204.20000000000002,0,At-Risk Customers
17929,11,4,744.9,2,Regular Customers
17930,36,5,1630.44,2,Regular Customers
17931,134,2,297.06,0,At-Risk Customers
17932,29,3,645.07,2,Regular Customers
17934,52,2,572.19,2,Regular Customers
17935,138,2,99.35,0,At-Risk Customers
17936,5,1,279.92,2,Regular Customers
17937,9,7,3129.42,1,High-Value Customers
17939,160,1,88.85000000000001,0,At-Risk Customers
17940,49,10,3069.64,1,High-Value Customers
17941,131,1,304.56,0,At-Risk Customers
17942,8,1,77.50000000000001,0,At-Risk Customers
17946,233,2,121.78,0,At-Risk Customers
17947,37,1,166.6,0,At-Risk Customers
17948,147,1,358.56000000000006,0,At-Risk Customers
17949,1,45,57831.28,1,High-Value Customers
17950,72,3,404.85,2,Regular Customers
17951,40,3,672.7800000000001,2,Regular Customers
17954,5,12,1504.19,1,High-Value Customers
17955,199,4,289.09999999999997,0,At-Risk Customers
17956,249,1,12.75,0,At-Risk Customers
17957,66,1,74.69,0,At-Risk Customers
17958,117,1,467.9599999999999,0,At-Risk Customers
17960,171,1,61.220000000000006,0,At-Risk Customers
17961,21,39,1097.13,1,High-Value Customers
17962,142,1,88.53,0,At-Risk Customers
17964,32,2,350.48,2,Regular Customers
17965,38,14,1793.56,1,High-Value Customers
17966,38,5,330.8,2,Regular Customers
17967,372,1,73.32,0,At-Risk Customers
17968,374,1,168.41,0,At-Risk Customers
17969,166,2,228.2,0,At-Risk Customers
17970,211,1,443.24,0,At-Risk Customers
17972,242,1,83.89,0,At-Risk Customers
17973,52,1,305.42,0,At-Risk Customers
17974,25,3,508.43,2,Regular Customers
17975,15,13,3750.52,1,High-Value Customers
17976,372,1,190.34,0,At-Risk Customers
17977,29,1,278.78,0,At-Risk Customers
17978,365,1,262.96999999999997,0,At-Risk Customers
17979,36,4,526.43,2,Regular Customers
17980,166,3,790.55,2,Regular Customers
17984,145,1,113.69,0,At-Risk Customers
17985,22,1,384.85,2,Regular Customers
17986,56,1,20.8,0,At-Risk Customers
17987,185,1,175.17,0,At-Risk Customers
17988,12,7,188.64000000000001,2,Regular Customers
17990,237,3,545.25,0,At-Risk Customers
17991,225,2,90.4,0,At-Risk Customers
17994,122,4,456.11,2,Regular Customers
17995,282,1,76.1,0,At-Risk Customers
17997,74,8,1506.58,2,Regular Customers
17999,37,2,265.67,2,Regular Customers
18001,12,2,347.05,2,Regular Customers
18004,362,1,129.83,0,At-Risk Customers
18005,4,2,180.5,2,Regular Customers
18006,23,1,349.93,2,Regular Customers
18008,70,9,2030.69,1,High-Value Customers
18009,235,1,202.74,0,At-Risk Customers
18010,257,1,162.25,0,At-Risk Customers
18011,373,1,71.53999999999999,0,At-Risk Customers
18013,155,2,170.09,0,At-Risk Customers
18014,28,1,125.29,0,At-Risk Customers
18015,4,1,94.03,2,Regular Customers
18016,32,5,1169.23,2,Regular Customers
18017,81,3,523.0,2,Regular Customers
18018,108,2,92.19,0,At-Risk Customers
18019,52,1,28.55,0,At-Risk Customers
18022,36,1,356.28,0,At-Risk Customers
18024,153,2,382.35,0,At-Risk Customers
18027,99,1,75.63,0,At-Risk Customers
18030,4,2,230.64999999999998,2,Regular Customers
18032,334,1,60.9,0,At-Risk Customers
18033,65,1,44.03,0,At-Risk Customers
18034,22,2,325.56,2,Regular Customers
18035,36,3,625.45,2,Regular Customers
18036,32,3,262.34,2,Regular Customers
18037,154,6,62.92,0,At-Risk Customers
18040,19,2,241.55,2,Regular Customers
18041,12,21,3297.94,1,High-Value Customers
18042,54,1,155.14999999999998,0,At-Risk Customers
18043,25,3,396.21999999999997,2,Regular Customers
18044,4,10,1318.73,1,High-Value Customers
18045,45,1,112.19,0,At-Risk Customers
18048,203,2,172.29000000000002,0,At-Risk Customers
18050,359,1,59.4,0,At-Risk Customers
18053,71,1,185.34,0,At-Risk Customers
18055,7,10,4978.29,1,High-Value Customers
18056,288,1,259.85,0,At-Risk Customers
18058,10,1,88.55999999999999,0,At-Risk Customers
18059,23,3,276.46,2,Regular Customers
18061,22,10,1960.41,1,High-Value Customers
18062,173,3,448.02000000000004,0,At-Risk Customers
18064,133,2,414.5,0,At-Risk Customers
18065,6,14,1620.97,1,High-Value Customers
18066,75,1,243.0,0,At-Risk Customers
18067,40,1,342.93,0,At-Risk Customers
18068,289,1,101.69999999999999,0,At-Risk Customers
18069,26,5,1256.17,2,Regular Customers
18071,258,2,315.3,0,At-Risk Customers
18072,186,1,164.52,0,At-Risk Customers
18073,114,12,3455.1200000000003,1,High-Value Customers
18074,374,1,471.90000000000003,0,At-Risk Customers
18075,23,10,2177.13,1,High-Value Customers
18077,8,11,2017.86,1,High-Value Customers
18078,217,2,331.23,0,At-Risk Customers
18079,45,4,2293.95,2,Regular Customers
18080,19,2,1231.5,2,Regular Customers
18081,36,3,183.25,2,Regular Customers
18082,26,1,484.23,2,Regular Customers
18084,16,1,90.47999999999999,0,At-Risk Customers
18085,330,2,469.25,0,At-Risk Customers
18086,274,1,101.34,0,At-Risk Customers
18087,98,2,4055.7199999999993,2,Regular Customers
18088,61,1,112.12,0,At-Risk Customers
18092,2,11,7791.46,1,High-Value Customers
18093,93,4,1609.32,2,Regular Customers
18094,82,7,2318.08,2,Regular Customers
18095,313,2,349.95,0,At-Risk Customers
18096,12,3,619.12,2,Regular Customers
18097,8,6,2283.44,1,High-Value Customers
18099,127,1,99.13,0,At-Risk Customers
18101,11,2,162.45,2,Regular Customers
18102,1,60,173369.02,1,High-Value Customers
18104,37,1,304.4,0,At-Risk Customers
18105,38,1,72.78,0,At-Risk Customers
18106,330,1,396.3,0,At-Risk Customers
18108,254,1,191.4,0,At-Risk Customers
18109,2,26,7662.87,1,High-Value Customers
18110,20,1,139.8,0,At-Risk Customers
18112,12,2,267.59,2,Regular Customers
18113,369,1,76.32000000000001,0,At-Risk Customers
18114,290,1,168.9,0,At-Risk Customers
18116,68,8,976.14,2,Regular Customers
18117,26,1,221.8,0,At-Risk Customers
18118,11,26,3951.18,1,High-Value Customers
18119,368,1,162.76,0,At-Risk Customers
18120,214,1,101.10000000000001,0,At-Risk Customers
18121,149,2,480.8,0,At-Risk Customers
18122,8,6,1239.75,1,High-Value Customers
18123,24,2,430.0,2,Regular Customers
18125,30,4,741.3299999999999,2,Regular Customers
18126,61,1,144.32,0,At-Risk Customers
18127,19,3,266.21,2,Regular Customers
18129,243,1,98.75,0,At-Risk Customers
18130,15,3,616.46,2,Regular Customers
18133,212,1,931.4999999999999,0,At-Risk Customers
18135,29,5,678.61,2,Regular Customers
18136,63,3,564.85,2,Regular Customers
18138,295,1,152.65,0,At-Risk Customers
18139,18,6,5491.74,1,High-Value Customers
18142,157,2,874.2,0,At-Risk Customers
18143,117,2,543.73,0,At-Risk Customers
18144,8,12,2805.25,1,High-Value Customers
18145,13,4,1432.54,2,Regular Customers
18146,141,2,89.85000000000001,0,At-Risk Customers
18147,46,2,179.33999999999997,0,At-Risk Customers
18149,51,3,521.88,2,Regular Customers
18150,32,3,338.88,2,Regular Customers
18151,135,2,415.52,0,At-Risk Customers
18154,3,2,287.59,2,Regular Customers
18155,75,3,291.22,0,At-Risk Customers
18156,13,2,445.69,2,Regular Customers
18158,9,2,143.7,2,Regular Customers
18159,301,1,303.75,0,At-Risk Customers
18160,57,2,483.06,2,Regular Customers
18161,15,5,1409.02,2,Regular Customers
18164,37,1,267.63,0,At-Risk Customers
18165,177,1,292.38,0,At-Risk Customers
18167,23,3,952.86,2,Regular Customers
18168,176,6,915.18,2,Regular Customers
18169,61,1,177.75,0,At-Risk Customers
18170,33,3,725.36,2,Regular Customers
18171,59,5,1030.91,2,Regular Customers
18172,15,20,5502.84,1,High-Value Customers
18173,87,4,1803.94,2,Regular Customers
18174,7,1,104.0,2,Regular Customers
18176,358,1,304.75,0,At-Risk Customers
18177,31,6,645.37,2,Regular Customers
18178,129,4,785.97,2,Regular Customers
18179,9,6,1404.53,1,High-Value Customers
18180,5,6,1131.71,1,High-Value Customers
18181,24,1,304.1,0,At-Risk Customers
18183,227,2,453.52000000000004,0,At-Risk Customers
18184,15,1,49.8,0,At-Risk Customers
18185,249,1,229.55,0,At-Risk Customers
18188,15,3,1607.76,2,Regular Customers
18189,78,2,610.14,2,Regular Customers
18190,192,2,213.56,0,At-Risk Customers
18191,262,1,141.79999999999998,0,At-Risk Customers
18192,72,1,453.42,0,At-Risk Customers
18193,165,1,158.5,0,At-Risk Customers
18194,82,1,769.8399999999999,0,At-Risk Customers
18196,95,2,459.39,0,At-Risk Customers
18198,4,17,4822.06,1,High-Value Customers
18200,106,1,146.21,0,At-Risk Customers
18202,200,3,1033.09,2,Regular Customers
18203,157,1,128.72,0,At-Risk Customers
18204,71,3,1269.41,2,Regular Customers
18205,36,2,456.98,2,Regular Customers
18209,29,1,106.25,0,At-Risk Customers
18210,2,6,1856.19,1,High-Value Customers
18211,26,5,565.29,2,Regular Customers
18212,326,1,183.87,0,At-Risk Customers
18213,237,1,183.58,0,At-Risk Customers
18215,89,1,264.3,0,At-Risk Customers
18216,31,1,390.5,0,At-Risk Customers
18217,29,2,441.05,2,Regular Customers
18218,211,2,392.61,0,At-Risk Customers
18219,3,10,1859.05,1,High-Value Customers
18220,227,1,152.64000000000001,0,At-Risk Customers
18221,22,5,810.13,2,Regular Customers
18222,93,1,332.24,0,At-Risk Customers
18223,5,14,4726.75,1,High-Value Customers
18224,264,1,111.25,0,At-Risk Customers
18225,3,12,4084.94,1,High-Value Customers
18226,44,11,3098.65,1,High-Value Customers
18227,218,1,68.25,0,At-Risk Customers
18228,57,2,533.34,2,Regular Customers
18229,12,20,5677.4,1,High-Value Customers
18230,9,7,2440.2400000000002,1,High-Value Customers
18231,192,5,1320.19,2,Regular Customers
18232,82,4,502.52000000000004,2,Regular Customers
18233,326,1,440.0,0,At-Risk Customers
18235,72,3,1061.0,2,Regular Customers
18236,30,6,787.74,2,Regular Customers
18237,3,5,669.36,2,Regular Customers
18239,219,5,1072.71,2,Regular Customers
18240,46,1,404.73,0,At-Risk Customers
18241,10,17,1717.74,1,High-Value Customers
18242,72,4,1731.7,2,Regular Customers
18245,7,7,1719.98,1,High-Value Customers
18246,24,2,596.1,2,Regular Customers
18248,123,2,577.22,0,At-Risk Customers
18249,17,1,73.5,0,At-Risk Customers
18250,310,1,309.22,0,At-Risk Customers
18251,87,1,2778.24,2,Regular Customers
18252,51,2,397.82,2,Regular Customers
18255,89,1,103.3,0,At-Risk Customers
18257,39,8,1546.48,1,High-Value Customers
18259,25,3,1353.0,2,Regular Customers
18260,173,6,2084.39,2,Regular Customers
18261,43,2,233.94,0,At-Risk Customers
18262,140,1,121.7,0,At-Risk Customers
18263,26,3,793.9399999999999,2,Regular Customers
18265,72,2,627.51,2,Regular Customers
18268,134,1,25.5,0,At-Risk Customers
18269,366,1,128.4,0,At-Risk Customers
18270,38,2,249.95,0,At-Risk Customers
18272,3,6,2085.83,1,High-Value Customers
18273,2,3,204.0,2,Regular Customers
18274,30,1,138.72,0,At-Risk Customers
18276,44,1,293.38,0,At-Risk Customers
18277,58,1,92.53,0,At-Risk Customers
18278,74,1,144.2,0,At-Risk Customers
18280,278,1,147.9,0,At-Risk Customers
18281,181,1,53.79,0,At-Risk Customers
18282,8,2,165.3,2,Regular Customers
18283,4,16,875.63,1,High-Value Customers
18287,43,3,1225.76,2,Regular Customers
